PROV1013;ÂÜÀò;;;;;;;;;;;;;x
PROV1112;Ä¦İËÀ´;;;;;;;;;;;;;x
PROV1113;²é¸Ç;;;;;;;;;;;;;x
PROV1114;Ä¦ºôÒ®ÍÓ²¹ÂŞ;;;;;;;;;;;;;x
PROV1115;ÖìÂŞÂüÍÓÂŞ;;;;;;;;;;;;;x
PROV1116;ÌìÙ¤Ë¹;;;;;;;;;;;;;x
PROV1117;¹ÅÀï;;;;;;;;;;;;;x
PROV1118;ÂüÒ®²¹ÂŞ;;;;;;;;;;;;;x
PROV1119;½¨Ö¾²¹ÂŞ;;;;;;;;;;;;;x
PROV1120;¶àÙ¤Í·ÂŞ;;;;;;;;;;;;;x
PROV1121;ÓÅì¹êÈÍ»Ù¤;;;;;;;;;;;;;x
PROV1122;ÓÅÍÓÒ®êÈÀå;;;;;;;;;;;;;x
PROV1123;Æ¿êÈÂŞ;;;;;;;;;;;;;x
PROV1124;ºúÅ«Àæ;;;;;;;;;;;;;x
PROV1125;Ì´ÄÇ;;;;;;;;;;;;;x
PROV1126;ê¼ÃÅ;;;;;;;;;;;;;x
PROV1127;ÄÇÆÅÈøÀûåÈ;;;;;;;;;;;;;x
PROV1128;Åşæ¶åÈ²¨¶àÄÇ;;;;;;;;;;;;;x
PROV1129;Ù¤¶àåÈ;;;;;;;;;;;;;x
PROV1130;ÂüÍÓÅşÒ®²¹ÂŞ;;;;;;;;;;;;;x
PROV1131;ôÉÂü¶à;;;;;;;;;;;;;x
PROV1132;÷ïê©Ë¹;;;;;;;;;;;;;x
PROV1133;ÆÅ¶¹ÍÓÂŞ;;;;;;;;;;;;;x
PROV1134;ÆĞÃÖÙ¤;;;;;;;;;;;;;x
PROV1135;·¥À°Åş;;;;;;;;;;;;;x
PROV1136;´¹ÂŞÙ¤;;;;;;;;;;;;;x
PROV1137;ÂüËÕÀ­;;;;;;;;;;;;;x
PROV1138;°Í¿¨¶û;;;;;;;;;;;;;x
PROV1139;Äª¿ËÀ¼;;;;;;;;;;;;;x
PROV1140;ÆÅÄÃÆÅ´Í;;;;;;;;;;;;;x
PROV1141;‘xÂŞ;;;;;;;;;;;;;x
PROV1142;²¨ÂŞÌáÊªÌ´ÄÇ;;;;;;;;;;;;;x
PROV1143;Ù¤Á«Äá;;;;;;;;;;;;;x
PROV1144;‘xÀæ²¨»ü;;;;;;;;;;;;;x
PROV1145;ÌáÆÅêÈÀå;;;;;;;;;;;;;x
PROV1146;ÄÇÂŞÍ»Ù¤;;;;;;;;;;;;;x
PROV1147;ÂüÍÓÅşåÈ;;;;;;;;;;;;;x
PROV1148;ÍÓæ¶²¹ÂŞ;;;;;;;;;;;;;x
PROV1149;ÍÓÂŞ;;;;;;;;;;;;;x
PROV1150;ÈøÀã²¹ÂŞ;;;;;;;;;;;;;x
PROV1151;ÂäÊªÂüÄÇ˜„Ìá;;;;;;;;;;;;;x
PROV1152;ï÷Ù¤êÈÀå;;;;;;;;;;;;;x
PROV1153;‘xÌáÆÅÂ¥Éá;;;;;;;;;;;;;x
PROV1154;Ä¦½ÒÍÓ;;;;;;;;;;;;;x
PROV1155;ÊÒÀû²¹Àæ;;;;;;;;;;;;;x
PROV1156;‘xÍÓÂŞåÈÂüÍÓÂŞ;;;;;;;;;;;;;x
PROV1157;ÆÅÂŞ‘xÍÓ;;;;;;;;;;;;;x
PROV1158;ÅşÍÓÂŞ;;;;;;;;;;;;;x
PROV1159;ÂŞÄ¦êÈÀå;;;;;;;;;;;;;x
PROV1160;ÂŞÒ®²¹ÂŞ;;;;;;;;;;;;;x
PROV1161;åÈÊªÃÖÂŞ;;;;;;;;;;;;;x
PROV1162;¾ĞÊ¬ÄÇ³Ç;;;;;;;;;;;;;x
PROV1163;²¨ÂŞÄÎ;;;;;;;;;;;;;x
PROV1164;ÔåÂŞåÈÂŞ;;;;;;;;;;;;;x
PROV1165;°ã¶¼åÈÍÓ;;;;;;;;;;;;;x
PROV1166;ÉÆ²¹ÂŞ;;;;;;;;;;;;;x
PROV1167;ÂäÙ¤ÄÎ;;;;;;;;;;;;;x
PROV1168;½ÒÚĞÚ­ÂŞ;;;;;;;;;;;;;x
PROV1169;Ù¤ÂŞÅş;;;;;;;;;;;;;x
PROV1170;Åşµ×É³;;;;;;;;;;;;;x
PROV1171;Ù¤À¼ê^ÂŞ;;;;;;;;;;;;;x
PROV1172;¹ûÂ®ÂŞ;;;;;;;;;;;;;x
PROV1173;ÈıÆÅÂŞ;;;;;;;;;;;;;x
PROV1174;‘xÂŞÆÅÂŞ;;;;;;;;;;;;;x
PROV1175;°¢Â¬Àæ;;;;;;;;;;;;;x
PROV1176;ÃÖÌ´¶àÙ¤;;;;;;;;;;;;;x
PROV1177;¹±µ×ÄÇ;;;;;;;;;;;;;x
PROV1178;Ù¤Â¬ÂŞ;;;;;;;;;;;;;x
PROV1179;ÉİôÉÂŞ;;;;;;;;;;;;;x
PROV1180;ÓÅ¶à°ãÍÓ;;;;;;;;;;;;;x
PROV1181;°ÂÊ²Â³ÉºÄÈ;;;;;;;;;;;;;x
PROV1182;Ù¤É«Äá;;;;;;;;;;;;;x
PROV1183;²©Ë¹ÌØ;;;;;;;;;;;;;x
PROV1184;¿¨À­ÌØ;;;;;;;;;;;;;x
PROV1185;¿¦²¼¶û;Kaboul;;;;;;;;;;;;x
PROV1186;ô÷Ê¯;;;;;;;;;;;;;x
PROV1187;À¥¶¼Ê¿;;;;;;;;;;;;;x
PROV1188;çæßÍÂŞ;;;;;;;;;;;;;x
PROV1189;èóÑÜÄÇ;Bâmiyân;;;;;;;;;;;;x #Nandana castle and Peshawar city go here
PROV1190;öÄÕÛÂŞ¶àÂŞ;Gurjaratra;;;;;;;;;;;;x
PROV1191;°ãÅ«;;;;;;;;;;;;;x
PROV1192;·ÍÂŞ;;;;;;;;;;;;;x
PROV1193;ÈıÑ¨;;;;;;;;;;;;;x
PROV1194;ÄÇåÈµº;;;;;;;;;;;;;x
PROV1195;ÅşõµÌá;;;;;;;;;;;;;x
PROV1196;ÊÒÀûÀ¼Ù¤²¨¶àÄÇ;;;;;;;;;;;;;x
PROV1197;´¹ÂŞæ¶Ä²ÍÓÂŞ;;;;;;;;;;;;;x
PROV1198;·¥ÍÓÅş;;;;;;;;;;;;;x
PROV1199;ÅşÅ«‘xÍÓ;;;;;;;;;;;;;x
PROV1200;Ù¤ÄÇÂŞ;;;;;;;;;;;;;x
PROV1201;¹±¹Å;;;;;;;;;;;;;x
PROV1202;¾ãÍÓÂŞÉ£Ù¤Ä¦;;;;;;;;;;;;;x
PROV1203;ÒÁÍÓ¶àÀ´ÄÃ¶¼;;;;;;;;;;;;;x
PROV1204;ÄÚÂ¬Â¥;;;;;;;;;;;;;x
PROV1205;ÄÉÁÖ;;;;;;;;;;;;;x
PROV1206;¶àÂŞÍÓÆÅëÕ;;;;;;;;;;;;;x
PROV1207;°¢Ä¦ÂŞÆÅÌá;;;;;;;;;;;;;x
PROV1208;½£èóÅşÌá;;;;;;;;;;;;;x
PROV1209;ÂŞÕÚ‘xÍÓ;;;;;;;;;;;;;x
PROV1210;ÂüÒ®¼ª¶à;;;;;;;;;;;;;x
PROV1211;°ãÄÇÙ¤Â¥;;;;;;;;;;;;;x
PROV1212;ÂŞ¶àÂ¥ÂŞ;;;;;;;;;;;;;x
PROV1213;‘x³ÂÄÇ;;;;;;;;;;;;;x
PROV1214;µ×Â¬ÄÚÀÕ·ÍÀæ;;;;;;;;;;;;;x
PROV1215;ÄÏÓò;;;;;;;;;;;;;x
PROV1216;¶àÂŞåÈ¶¼;;;;;;;;;;;;;x
PROV1217;ÄÑÍÓÉ½;;;;;;;;;;;;;x
PROV1218;°¢À¶²¹ÂŞ;;;;;;;;;;;;;x
PROV1219;ÆĞ¶àÅş;;;;;;;;;;;;;x
PROV1220;¹û°¢;;;;;;;;;;;;;x
PROV1221;ÅşÉİÒ®ÆÅÍÓ;;;;;;;;;;;;;x
PROV1222;ÂŞê^Ä¦ÏÔÍÓÂŞÆÅÀ¶;;;;;;;;;;;;;x
PROV1223;ÒÁÏ£Ä·;;;;;;;;;;;;;x
PROV1224;ôÉÁêÙ¤ÄÇ³Ç;;;;;;;;;;;;;x
PROV1225;²¹Àæ;;;;;;;;;;;;;x
PROV1226;ÄÑÍÓ³Ç;;;;;;;;;;;;;x
PROV1227;ÕÚåÈÂŞğ¯¶à;;;;;;;;;;;;;x
PROV1228;É¯¶àåÈÂüÍÓÂŞ;;;;;;;;;;;;;x
PROV1229;½÷ÉİÀæÂüÍÓÂŞ;;;;;;;;;;;;;x
PROV1230;ËÕ·¥ØİÄÇ²¹ÂŞ;;;;;;;;;;;;;x
PROV1231;ÅşÂŞÉİ;;;;;;;;;;;;;x
PROV1232;ÃÜÌáÄÇ³Ç;;;;;;;;;;;;;x
PROV1233;Æß´å;;;;;;;;;;;;;x
PROV1234;ê¼Ãñ;;;;;;;;;;;;;x
PROV1235;¶àÄ¦Àæ;;;;;;;;;;;;;x
PROV1236;ÔÂÖŞ;;;;;;;;;;;;;x
PROV1237;ÂŞÉİÂŞ²¨;;;;;;;;;;;;;x
PROV1238;Ä©ÂŞ¸¡Ä¦;;;;;;;;;;;;;x
PROV1239;ÅşÉİÒ®³Ç;;;;;;;;;;;;;x
PROV1240;ğ¯Ä¦ÂŞÂüÍÓÂŞ;;;;;;;;;;;;;x
PROV1241;ê^ÂŞ¸ÉÍÓ;;;;;;;;;;;;;x
PROV1242;ÂŞÍÓ;;;;;;;;;;;;;x
PROV1243;ÇÇİ±;;;;;;;;;;;;;x
PROV1244;åÈÄ¦¶à³Ç;;;;;;;;;;;;;x
PROV1245;ÊÒÀûÚ­ß¸;;;;;;;;;;;;;x
PROV1246;ÇÇ°¢ÂŞ²¨ÂŞ;;;;;;;;;;;;;x
PROV1247;¼ªì½Ù¤¾Ğ¶à;;;;;;;;;;;;;x
PROV1248;ŞÑÙ¢;;;;;;;;;;;;;x
PROV1249;ÈıÆÅÂŞ²¹ÂŞ;;;;;;;;;;;;;x
PROV1250;°¢ÓâÍÓ;;;;;;;;;;;;;x
PROV1251;Èøæ¶À¶;;;;;;;;;;;;;x
PROV1252;ÆÅÂŞĞëÂ¬;;;;;;;;;;;;;x
PROV1253;ºÚÇğ;;;;;;;;;;;;;x #Nalgonda
PROV1254;·ÍÂŞÙ¤ÂŞ;;;;;;;;;;;;;x
PROV1255;·ÍÄ²ÂŞÆÅ¶à;;;;;;;;;;;;;x
PROV1256;ÎÚÀ¼Ù¤Â¥;;;;;;;;;;;;;x
PROV1257;ÃÖÍÓåÈ;;;;;;;;;;;;;x
PROV1258;ÄÑµĞ;;;;;;;;;;;;;x
PROV1259;ÆÅõãöÄÂŞÄ¦;;;;;;;;;;;;;x
PROV1260;ÄÇÊ¬Ò;;;;;;;;;;;;;x
PROV1261;²¨ØİÄÇ¼ª¶à;;;;;;;;;;;;;x
PROV1262;ãËÂŞÄÚ;;;;;;;;;;;;;x
PROV1263;²¹ÂŞºº²¹ÂŞ;;;;;;;;;;;;;x
PROV1264;ÄÑİËÆÅÂŞ;;;;;;;;;;;;;x
PROV1265;ÈøÙ¤ÂŞ;;;;;;;;;;;;;x
PROV1266;ĞëÃÅÄÇ;;;;;;;;;;;;;x
PROV1267;·¤ÍÓÄ¦ÄÇ;;;;;;;;;;;;;x
PROV1268;ÍÓÄ¦ÂŞ²¹ÂŞ;;;;;;;;;;;;;x
PROV1269;ì¹ÍÓ;;;;;;;;;;;;;x
PROV1270;ÈÕ¹â³Ç;;;;;;;;;;;;;x
PROV1271;µÛÀû³Ç;;;;;;;;;;;;;x
PROV1272;ÂŞÌ´²¹ÂŞ;;;;;;;;;;;;;x
PROV1273;Í¼¶û¸Ç;;;;;;;;;;;;;x
PROV1274;Ù¢Ä²;;;;;;;;;;;;;x
PROV1275;ÔúÀ¼¼¾;;;;;;;;;;;;;x
PROV1276;Ù¤Ò®;;;;;;;;;;;;;x
PROV1277;¶¼Ä¦ÄÇ;;;;;;;;;;;;;x
PROV1278;¹ÅÂ¬êÈ;;;;;;;;;;;;;x
PROV1279;Â¬Ú­ÄÇ;;;;;;;;;;;;;x
PROV1280;¸ê¼ÖÄ·;;;;;;;;;;;;;x
PROV1281;ì¹ÂŞÄÇÌáÀû;;;;;;;;;;;;;x
PROV1282;¶àËşÎÖ;;;;;;;;;;;;;x
PROV1283;°¢Ë¹Äá;;;;;;;;;;;;;x
PROV1284;ÆÅÂ¥Àæ;;;;;;;;;;;;;x
PROV1285;²»¶¯³Ç;;;;;;;;;;;;;x
PROV1286;»üØİÂŞ;;;;;;;;;;;;;x
PROV1287;°¢Ë¹ÂŞÙ¤;;;;;;;;;;;;;x
PROV1288;Úùê^ÑÜÄÇ;;;;;;;;;;;;;x
PROV1289;ÍÓÌá²¨ÍÓÂŞ;;;;;;;;;;;;;x
PROV1290;ôÉ¶àåÈ;;;;;;;;;;;;;x
PROV1291;Ä²Ú­ÍÓÆÅæ¶åÈ;;;;;;;;;;;;;x
PROV1292;ÃîÒôÂüÍÓÂŞ;;;;;;;;;;;;;x
;#PROV1293;Gulf of Kutch;;;;;;;;;;;;;x;
PROV1294;ÊµÓĞ³Ç;;;;;;;;;;;;;x
PROV1295;Æõß¸;;;;;;;;;;;;;x
PROV1296;ÌáÄ¦³Ç;;;;;;;;;;;;;x
PROV1297;Ìá²¼¶û;;;;;;;;;;;;;x
PROV1298;ì¹ÌáÀæ;;;;;;;;;;;;;x
PROV1299;ì¹¶¹ÆÅ;;;;;;;;;;;;;x
PROV1300;‘x¶à;;;;;;;;;;;;;x
PROV1301;Ä¦ºôÆÅ;;;;;;;;;;;;;x
PROV1302;ÖÆ¶àÂŞÉ½;;;;;;;;;;;;;x
PROV1303;À¼Äá¿ÆÌØ;;;;;;;;;;;;;x
PROV1304;ÂÉÍÓÂŞÆÅ;;;;;;;;;;;;;x
PROV1305;°Í¶û¿¦Ê²ºş;Lac Balkhach;;;;;;;;;;;;x
PROV1306;Í¼À­;;;;;;;;;;;;;x
PROV1307;ĞÅ¶ÈºÓ;;;;;;;;;;;;;x
PROV1308;ĞÅ¶ÈºÓ;;;;;;;;;;;;;x
PROV1309;ĞÅ¶ÈºÓ;;;;;;;;;;;;;x
PROV1310;ĞÅ¶ÈºÓ;;;;;;;;;;;;;x
PROV1311;ºãºÓ;;;;;;;;;;;;;x
PROV1312;ºãºÓ;;;;;;;;;;;;;x
PROV1313;ºãºÓ;;;;;;;;;;;;;x
PROV1314;ºãºÓ;;;;;;;;;;;;;x
PROV1315;ºãºÓ;;;;;;;;;;;;;x
PROV1316;èó×ÓºÓ;;;;;;;;;;;;;x
PROV1317;èó×ÓºÓ;;;;;;;;;;;;;x
PROV1318;ÈıÄ¦…ìß¸;;;;;;;;;;;;;x
PROV1319;ÍşµÂ³Ç;;;;;;;;;;;;;x
PROV1320;°¢ÒÁµÏ¹ş²·;;;;;;;;;;;;;x
PROV1321;åÈÄ¦ÂÆ²¨ÄÇ³Ç;;;;;;;;;;;;;x
PROV1322;ÅµÅÁÏÄ;Nobatie;;;;;;;;;;;;x
PROV1323;¾ÅÖŞ;;;;;;;;;;;;;x
PROV1324;ËÕ·¥ØİÄÇ³Ç;;;;;;;;;;;;;x
PROV1325;Ä¦İË³Ç;;;;;;;;;;;;;x
PROV1326;ÄÉÅÁËş;;;;;;;;;;;;;x
PROV1327;Â¬¶àË¹;;;;;;;;;;;;;x
PROV1328;²§ÂŞÒ®Ù¤;;;;;;;;;;;;;x
PROV1329;í¬;;;;;;;;;;;;;x
PROV1330;ÈøÍß½ğ;;;;;;;;;;;;;x
PROV1331;ËïÙ¢;;;;;;;;;;;;;x
PROV1332;ÌØÁÖ»ùËşÌØ;;;;;;;;;;;;;x
PROV1333;ÊÒÅşÊªÌ´ÄÇ;;;;;;;;;;;;;x
PROV1334;°¢ÂåµÏÑÇ;Alodie;;;;;;;;;;;;x
PROV1335;¿ÆË¹Ìá;;;;;;;;;;;;;x
PROV1336;ÅşÕßÅ¬¶à;;;;;;;;;;;;;x
PROV1337;ÚùÖ¬;;;;;;;;;;;;;x
PROV1338;Ä¾¶ûÌ¹;;;;;;;;;;;;;x
PROV1339;ÂŞÑ®²¹ÂŞ;;;;;;;;;;;;;x
PROV1340;åÈÂ¬ÂŞ;;;;;;;;;;;;;x
PROV1341;ÄÑÍÓÄÇ;;;;;;;;;;;;;x
PROV1342;·ğÂ¥É³;;;;;;;;;;;;;x
PROV1343;ÂíÈøÍß;;;;;;;;;;;;;x
PROV1344;ÔóÀ­;;;;;;;;;;;;;x
PROV1345;ÃÜÍÓ²¨¶à;;;;;;;;;;;;;x
PROV1346;°¢ê^Ò®ÃÖÂ¬;;;;;;;;;;;;;x
;#PROV1347;Tarim Basin;;;;;;;;;;;;;x;
PROV1348;Ãåµé;;;;;;;;;;;;;x
PROV1349;ÅşåÈÂŞÄ¦²¹ÂŞ;;;;;;;;;;;;;x
PROV1350;ÀæÄá;;;;;;;;;;;;;x
PROV1351;Çà²Ø¸ßÔ­;Plateau tibétain;;;;;;;;;;;;x
PROV1352;æ¶ÂŞÊÒ·¥µ×;;;;;;;;;;;;;x
PROV1353;·ÍÂŞ¶à;;;;;;;;;;;;;x
PROV1354;ÄÇÇÇÙ¢;;;;;;;;;;;;;x
PROV1355;ÂŞÄÇÊªê¼ÆÅ²¹ÂŞ;;;;;;;;;;;;;x
PROV1356;ÇúÅ®³Ç;;;;;;;;;;;;;x
PROV1357;ÊÒÀû²¨¶à;;;;;;;;;;;;;x
PROV1358;ÆĞÍÓÄ¦è¤ÍÓ;;;;;;;;;;;;;x
PROV1359;ï÷İËÂŞ;;;;;;;;;;;;;x
PROV1360;»¨»·ÖŞ;;;;;;;;;;;;;x
PROV1361;ÉÜ¿ÆÌØ;;;;;;;;;;;;;x
PROV1362;ÂŞÆÅ²¹ÂŞ;;;;;;;;;;;;;x
PROV1363;Ìá²¨²¹ÂŞ;;;;;;;;;;;;;x
PROV1364;µÛÀû°ãÙ¢³Ç;;;;;;;;;;;;;x
PROV1365;µÂÀï;;;;;;;;;;;;;x
PROV1366;Ï£Èø;;;;;;;;;;;;;x
PROV1367;Ï¤ê¼ÄáÊÒ·¥ÂŞ;;;;;;;;;;;;;x
PROV1368;Ïó³Ç;;;;;;;;;;;;;x
PROV1369;Ë÷¿ÆÌØÀ­;;;;;;;;;;;;;x
PROV1370;ÑÇÃ·¶û;;;;;;;;;;;;;x
PROV1371;¹Å×È´ï¶û;;;;;;;;;;;;;x
PROV1372;¸Ê´ú¶û;;;;;;;;;;;;;x
PROV1373;°¢Èø²¼;;;;;;;;;;;;;x
PROV1374;Ê¬Åş;;;;;;;;;;;;;x
PROV1375;¿¨·Æ¶û¿ÆÌØ;;;;;;;;;;;;;x
PROV1376;ÆĞÀï;;;;;;;;;;;;;x
PROV1377;Ã·Ä¦ÄÇ;;;;;;;;;;;;;x
PROV1378;ÓñÁú½Ü³à;;;;;;;;;;;;;x
PROV1379;°¢ÈøÒÁËş;;;;;;;;;;;;;x
PROV1380;ÈûÃ×¶÷;Simien;;;;;;;;;;;;x
PROV1381;±¼ÄÇ·¥µ¯ÄÇ;;;;;;;;;;;;;x
PROV1413;·ÍÄÇİË;;;;;;;;;;;;;x
PROV1414;Çü¶àæ¶ÂŞ;;;;;;;;;;;;;x
PROV1415;Åş¶à²¹ÂŞ;;;;;;;;;;;;;x
PROV1416;‘xÂŞÚ­²¹ÂŞ;;;;;;;;;;;;;x
PROV1417;Íß¸ñ;;;;;;;;;;;;;x
PROV1418;Ú­Â¬ÅşÊª·¥ÂŞ;;;;;;;;;;;;;x
PROV1419;ÃÖÈøÂŞ;;;;;;;;;;;;;x
PROV1420;É®Ä¦ÂŞÄ¦³Ç;;;;;;;;;;;;;x
PROV1421;ÉáÎÀ³Ç;;;;;;;;;;;;;x
PROV1422;ÄÎÃÖÈø;;;;;;;;;;;;;x
PROV1423;·Ñ¶û¸ÉÄÉ;;;;;;;;;;;;;x
PROV1424;³şºÓ;;;;;;;;;;;;;x
PROV1425;ÒÁÀç;;;;;;;;;;;;;x
PROV1426;ÆßºÓ;;;;;;;;;;;;;x
PROV1427;ÎÚ¶ûÔı¶û;;;;;;;;;;;;;x
PROV1428;´ïÄªÌØ;;;;;;;;;;;;;x
PROV1429;±ÈÔıÄ·µÂ¶û;;;;;;;;;;;;;x
PROV1430;ÇÕ²ì;;;;;;;;;;;;;x
PROV1431;¶ï´ğØİ;;;;;;;;;;;;;x
PROV1432;¸ğÂŞåÖ;;;;;;;;;;;;;x
PROV1433;¹şÈø¿Ë;;;;;;;;;;;;;x
PROV1434;°Í¶û¿¦Ê²;;;;;;;;;;;;;x
PROV1435;»ùÂí¿Ë;;;;;;;;;;;;;x
PROV1436;À­¿ÆÃÀ¶ûÔú;;;;;;;;;;;;;x
PROV1437;Ìá¸ñÀûÄáÑÇ;;;;;;;;;;;;;x
PROV908;Â³²·¹şÀûÉ³Ä®;Désert Rub al-Khali;;;;;;;;;;;;x
d_semien;ÈûÃ×¶÷;Simien;Semien;;Semien;;;;;;;;;x
d_semien_adj;ÈûÃ×¶÷;simienne;Semien;;Semien;;;;;;;;;x
c_semien;ÈûÃ×¶÷;Simien;Semien;;Semien;;;;;;;;;x
c_semien_adj;ÈûÃ×¶÷;simienne;Semien;;Semien;;;;;;;;;x
c_tigrinya;Ìá¸ñÀûÄáÑÇ;Tigrinya;Tigrinya;;Tigrinya;;;;;;;;;x
c_tigrinya_adj;Ìá¸ñÀûÄáÑÇ;tigrinya;Tigrinya;;Tigrinya;;;;;;;;;x
d_afar;°¢·¨¶û;Afar;Afar;;Afar;;;;;;;;;x
d_afar_adj;°¢·¨¶û;afar;Afar;;Afar;;;;;;;;;x
c_assab;°¢Èø²¼;Assab;Assab;;Assab;;;;;;;;;x
c_assab_adj;°¢Èø²¼;assab;Assab;;Assab;;;;;;;;;x
c_asayita;°¢ÈøÒÁËş;Asaita;Asaita;;Asaita;;;;;;;;;x
c_asayita_adj;°¢ÈøÒÁËş;asaita;Asaita;;Asaita;;;;;;;;;x
c_begemder;±ÈÔıÄ·µÂ¶û;Begemder;Begemder;;Begemder;;;;;;;;;x
c_begemder_adj;±ÈÔıÄ·µÂ¶û;begemder;Begemder;;Begemder;;;;;;;;;x
d_wag;Íß¸ñ;Wag;Wag;;Wag;;;;;;;;;x
d_wag_adj;Íß¸ñ;wag;Wag;;Wag;;;;;;;;;x
c_wag;Íß¸ñ;Wag;Wag;;Wag;;;;;;;;;x
c_wag_adj;Íß¸ñ;wag;Wag;;Wag;;;;;;;;;x
c_lakomelza;À­¿ÆÃÀ¶ûÔú;Lakomelza;Lakomelza;;Lakomelza;;;;;;;;;x
c_lakomelza_adj;À­¿ÆÃÀ¶ûÔú;lakomelza;Lakomelza;;Lakomelza;;;;;;;;;x
d_gojjam;¸ê¼ÖÄ·;Gojjam;Gojjam;;Gojjam;;;;;;;;;x
d_gojjam_adj;¸ê¼ÖÄ·;gojjam;Gojjam;;Gojjam;;;;;;;;;x
c_gojjam;¸ê¼ÖÄ·;Gojjam;Gojjam;;Gojjam;;;;;;;;;x
c_gojjam_adj;¸ê¼ÖÄ·;gojjam;Gojjam;;Gojjam;;;;;;;;;x
d_damot;´ïÄªÌØ;Damot;Damot;;Damot;;;;;;;;;x
d_damot_adj;´ïÄªÌØ;damot;Damot;;Damot;;;;;;;;;x
c_damot;´ïÄªÌØ;Damot;Damot;;Damot;;;;;;;;;x
c_damot_adj;´ïÄªÌØ;damot;Damot;;Damot;;;;;;;;;x
d_shewa;É³Íß;Shewa;Shewa;;Shewa;;;;;;;;;x
d_shewa_adj;É³Íß;shewa;Shewa;;Shewa;;;;;;;;;x
c_massawa;ÂíÈøÍß;Massawa;Massawa;;Massawa;;;;;;;;;x
c_massawa_adj;ÂíÈøÍß;massawa;Massawa;;Massawa;;;;;;;;;x
b_massawa;ÂíÈøÍß;Massawa;Massawa;;Massawa;;;;;;;;;x
b_antalla;°²ËşÀ­;Antalla;Antalla;;Antalla;;;;;;;;;x
b_rama2;À­Âí;Rama;Rama;;Rama;;;;;;;;;x
b_hawzen;ºÀÔŞ;Hawzen;Hawzen;;Hawzen;;;;;;;;;x
b_yeha;Ò®¹ş;Yeha;Yeha;;Yeha;;;;;;;;;x
b_tigrinya;Ìá¸ñÀûÄáÑÇ;Tigrinya;Tigrinya;;Tigrinya;;;;;;;;;x
b_adi_ramets;°¢µÄÀ­ÃÀ×È;Adi Ramets;Adi Ramets;;Adi Ramets;;;;;;;;;x
b_amba_maderiya;°¢Ä·°ÍÂíµÂÀïÑÇ;Amba Maderiya;Amba Maderiya;;Amba Maderiya;;;;;;;;;x
b_bilamba;±ÈÀ­°Í;Bilamba;Bilamba;;Bilamba;;;;;;;;;x
b_golonco;¸çÂ¡¿É;Golonco;Golonco;;Golonco;;;;;;;;;x
b_zagamat;Ôı¼ÓÂíÌØ;Zagamat;Zagamat;;Zagamat;;;;;;;;;x
b_adenna;°¢µ¤ÄÇ;Adenna;Adenna;;Adenna;;;;;;;;;x
b_dabat;´ï°ÍÌØ;Dabat;Dabat;;Dabat;;;;;;;;;x
b_debark;µÂ°Í¿Ë;Debark;Debark;;Debark;;;;;;;;;x
b_ciarveta;Ö§°¢Î¬´ï;Ciarveta;Ciarveta;;Ciarveta;;;;;;;;;x
b_oivela_mariam;°ÂÒÁÎ¬À­Ã×Àû°µ;Oivela Mariam;Oivela Mariam;;Oivela Mariam;;;;;;;;;x
b_belesa;±ÈÀÕÈø;Belesa;Belesa;;Belesa;;;;;;;;;x
b_amja_lebes;°¢Ä·¼Ö ÀÕ±´Ë¹;Amja Lebes;Amja Lebes;;Amja Lebes;;;;;;;;;x
b_ambaras;°¢Ä·°ÍÀ­Ë¹;Ambaras;Ambaras;;Ambaras;;;;;;;;;x
b_sekota;Èû¿ÆËş;Sekota;Sekota;;Sekota;;;;;;;;;x
b_zumbo;×Ú²©;Zumbo;Zumbo;;Zumbo;;;;;;;;;x
b_sacca;Èø¿¨;Sacca;Sacca;;Sacca;;;;;;;;;x
b_tsaicha;ÌáÈû²é;Tsaicha;Tsaicha;;Tsaicha;;;;;;;;;x
b_lashwa;À­Î÷Íß;Lashwa;Lashwa;;Lashwa;;;;;;;;;x
b_indeher_giba;ÒğµÂºÕ ¼ª°Í;Indeher Giba;Indeher Giba;;Indeher Giba;;;;;;;;;x
b_liktaba;Àï¿ËËş°Í;Liktaba;Liktaba;;Liktaba;;;;;;;;;x
b_gereger;¸ïÈÈ¸ñ¶û;Gereger;Gereger;;Gereger;;;;;;;;;x
b_filakit;·ÑÀ­»ùÌØ;Filakit;Filakit;;Filakit;;;;;;;;;x
b_chekerefta;³µ¿ËÈÈ¸¥Ëû;Chekerefta;Chekerefta;;Chekerefta;;;;;;;;;x
b_danya;µ«ÑÅ;Danya;Danya;;Danya;;;;;;;;;x
b_bete_yohanis;±´ÌØ Ô¼¹şÄáË¹;Bete Yohanis;Bete Yohanis;;Bete Yohanis;;;;;;;;;x
b_awariya;°¢ÍßÈÕÑÇ;Awariya;Awariya;;Awariya;;;;;;;;;x
b_maryamu;ÂíÑÅÄ·;Maryamu;Maryamu;;Maryamu;;;;;;;;;x
b_dessye;µÂË¹Ò®;Dessye;Dessye;;Dessye;;;;;;;;;x
b_kembolcha;¿ÆÄ·²¨¶û²é;Kembolcha;Kembolcha;;Kembolcha;;;;;;;;;x
b_ziya;×ÈÑÅ;Ziya;Ziya;;Ziya;;;;;;;;;x
b_habru;¹ş²¼Èã;Habru;Habru;;Habru;;;;;;;;;x
b_tigaja;Ìá¸Â¼Ó;Tigaja;Tigaja;;Tigaja;;;;;;;;;x
b_cherkwa;³µ¶û¿ÆÍß;Cherkwa;Cherkwa;;Cherkwa;;;;;;;;;x
b_metene;üNß¯Ú«;Metene;Metene;;Metene;;;;;;;;;x
b_gojjam;¹±¼ÓÄ·;Gojjam;Gojjam;;Gojjam;;;;;;;;;x
b_mankorar;Âü¿ÆÀ­ –;Mankorar;Mankorar;;Mankorar;;;;;;;;;x
b_eliyas;ÒÁÀûÑÇË¹;Eliyas;Eliyas;;Eliyas;;;;;;;;;x
b_yejube;Ò®ÜÄ²¼;Yejube;Yejube;;Yejube;;;;;;;;;x
b_godana_mikael;¹±´ïÄÉ Âõ¿Ë¶û;Godana Mikael;Godana Mikael;;Godana Mikael;;;;;;;;;x
b_yegeleka;Ò®¸ñÀÕ¿¨;Yegeleka;Yegeleka;;Yegeleka;;;;;;;;;x
b_baremma;°ÍÈÈÂê;Baremma;Baremma;;Baremma;;;;;;;;;x
b_malbarde;Âí¶û°ÍÈğµÂ;Malbarde;Malbarde;;Malbarde;;;;;;;;;x
b_muger;ÄÂ¸ê¶û;Muger;Muger;;Muger;;;;;;;;;x
b_yirga_chefe;ÒÁ¶û¸Â ³¹·Ñ;Yirga Chefe;Yirga Chefe;;Yirga Chefe;;;;;;;;;x
b_fasha;·¨É³;Fasha;Fasha;;Fasha;;;;;;;;;x
b_awasa;°¢ÍßÈö;Awasa;Awasa;;Awasa;;;;;;;;;x
b_zima;×ÔÂê;Zima;Zima;;Zima;;;;;;;;;x
b_teltele;ÌØ¶ûÌØÀÕ;Teltele;Teltele;;Teltele;;;;;;;;;x
b_assab;°¢Èø²¼;Assab;Assab;;Assab;;;;;;;;;x
b_debaysima;µÂ°ÍÒÁË¹Âê;Debaysima;Debaysima;;Debaysima;;;;;;;;;x
b_rehayto;ÈÈ¹şÓıÍÏ;Rehayto;Rehayto;;Rehayto;;;;;;;;;x
b_manda;Âü´ï;Manda;Manda;;Manda;;;;;;;;;x
b_agurto;°¢¹ÅÍÑ;Agurto;Agurto;;Agurto;;;;;;;;;x
b_mergebla;Ã·¸ğ²¼À­;Mergebla;Mergebla;;Mergebla;;;;;;;;;x
b_gehare;¸ñ¹ş¶û;Gehare;Gehare;;Gehare;;;;;;;;;x
b_asayita;°¢ÈøÒÁËş;Asaita;Asaita;;Asaita;;;;;;;;;x
b_afambo;°¢·¨Äª²´;Afambo;Afambo;;Afambo;;;;;;;;;x
b_serdo;Éª¶û¶à;Serdo;Serdo;;Serdo;;;;;;;;;x
b_dedai;µÂ´ú;Dedai;Dedai;;Dedai;;;;;;;;;x
b_lofefle;Âå·Æ¸¥ÀÕ;Lofefle;Lofefle;;Lofefle;;;;;;;;;x
b_tendaho;ÌÚ´ï»ô;Tendaho;Tendaho;;Tendaho;;;;;;;;;x
b_jewaha;¼ªÍß¹ş;Jewaha;Jewaha;;Jewaha;;;;;;;;;x
d_socotra;Ë÷¿ÆÌØÀ­;Socotra;Socotra;;Socotra;;;;;;;;;x
c_socotra;Ë÷¿ÆÌØÀ­;Socotra;Socotra;;Socotra;;;;;;;;;x
b_qualnsiyah;¿¨ÀãË¹ÑÇ;Qualnsiyah;Qualnsiyah;;Qualnsiyah;;;;;;;;;x
b_qadub;¿¨¶È²¼;Qadub;Qadub;;Qadub;;;;;;;;;x
b_steroh;Ë¹ÌØÈáºÕ;Steroh;Steroh;;Steroh;;;;;;;;;x
b_asma;°¢Ë¹Âê;Asma;Asma;;Asma;;;;;;;;;x
b_siqirah;Ë¼ç÷ÈÃºÕ;Siqirah;Siqirah;;Siqirah;;;;;;;;;x
b_qashiu;¿¨Ê°ÎÚ;Qashiu;Qashiu;;Qashiu;;;;;;;;;x
b_qift;Ææ¸¥ÌØ;Qift;Qift;Qift;Qift;Qift;Qift;Qift;Qift;Qift;Qift;Qift;Qift;x
b_edfu;°¬µÂ¸£;Edfu;Edfu;Edfu;Edfu;Edfu;Edfu;Edfu;Edfu;Edfu;Edfu;Edfu;Edfu;x
b_ballana;°ÍÀ­ÄÇ;Ballana;Ballana;Ballana;Ballana;Ballana;Ballana;Ballana;Ballana;Ballana;Ballana;Ballana;Ballana;x
b_buhen;²¼ºà;Buhen;Buhen;Buhen;Buhen;Buhen;Buhen;Buhen;Buhen;Buhen;Buhen;Buhen;Buhen;x
b_premnis;Æ¤¶ûÄ·ÈğË¹;Premnis;Premnis;Premnis;Premnis;Premnis;Premnis;Premnis;Premnis;Premnis;Premnis;Premnis;Premnis;x
b_nubia;Å¬±ÈÑÇ;Nubia;Nubia;Nubia;Nubia;Nubia;Nubia;Nubia;Nubia;Nubia;Nubia;Nubia;Nubia;x
b_delgo;µÂ¶û¸ê;Delgo;Delgo;Delgo;Delgo;Delgo;Delgo;Delgo;Delgo;Delgo;Delgo;Delgo;Delgo;x
b_soleb;ÛÅÀÕ²¼;Soleb;Soleb;Soleb;Soleb;Soleb;Soleb;Soleb;Soleb;Soleb;Soleb;Soleb;Soleb;x
b_abri;°¢±ÈÈÕ;Abri;Abri;Abri;Abri;Abri;Abri;Abri;Abri;Abri;Abri;Abri;Abri;x
b_akasha;°¢¿¨É³;Akasha;Akasha;Akasha;Akasha;Akasha;Akasha;Akasha;Akasha;Akasha;Akasha;Akasha;Akasha;x
b_napata;ÄÉÅÁËş;Napata;Napata;Napata;Napata;Napata;Napata;Napata;Napata;Napata;Napata;Napata;Napata;x
b_karima;¿¨ÈÕÂê;Karima;Karima;Karima;Karima;Karima;Karima;Karima;Karima;Karima;Karima;Karima;Karima;x
b_barah;°ÍÈ½ºÕ;Barah;Barah;Barah;Barah;Barah;Barah;Barah;Barah;Barah;Barah;Barah;Barah;x
b_omjerky;Å·Ã×ÇÑ¶û¿É;Omjerky;Omjerky;Omjerky;Omjerky;Omjerky;Omjerky;Omjerky;Omjerky;Omjerky;Omjerky;Omjerky;Omjerky;x
b_malaka;ÂíÀ­¿¨;Malaka;Malaka;Malaka;Malaka;Malaka;Malaka;Malaka;Malaka;Malaka;Malaka;Malaka;Malaka;x
b_wawissi;ÍßÎ¬Ë¹;Wawissi;Wawissi;Wawissi;Wawissi;Wawissi;Wawissi;Wawissi;Wawissi;Wawissi;Wawissi;Wawissi;Wawissi;x
b_tandalti;Ì´´ïÀÕÌá;Tandalti;Tandalti;Tandalti;Tandalti;Tandalti;Tandalti;Tandalti;Tandalti;Tandalti;Tandalti;Tandalti;Tandalti;x
b_umm_ruwaba;ÎÚÄ· ÈãÍß°Í;Umm Ruwaba;Umm Ruwaba;Umm Ruwaba;Umm Ruwaba;Umm Ruwaba;Umm Ruwaba;Umm Ruwaba;Umm Ruwaba;Umm Ruwaba;Umm Ruwaba;Umm Ruwaba;Umm Ruwaba;x
b_dalang;´ïÀË¸ğ;Dalang;Dalang;Dalang;Dalang;Dalang;Dalang;Dalang;Dalang;Dalang;Dalang;Dalang;Dalang;x
b_kaduqli;¿¨¶Å¸ñÀû;Kaduqli;Kaduqli;Kaduqli;Kaduqli;Kaduqli;Kaduqli;Kaduqli;Kaduqli;Kaduqli;Kaduqli;Kaduqli;Kaduqli;x
b_lagawa;À­¸ÂÍß;Lagawa;Lagawa;Lagawa;Lagawa;Lagawa;Lagawa;Lagawa;Lagawa;Lagawa;Lagawa;Lagawa;Lagawa;x
b_aydhab;°¢ÒÁµÏ¹ş²·;Aydhab;Aydhab;Aydhab;Aydhab;Aydhab;Aydhab;Aydhab;Aydhab;Aydhab;Aydhab;Aydhab;Aydhab;x
b_halayeb;¹şÀ­ÒÁ²·;Halayeb;Halayeb;Halayeb;Halayeb;Halayeb;Halayeb;Halayeb;Halayeb;Halayeb;Halayeb;Halayeb;Halayeb;x
b_elba;°¬¶û°Í;Elba;Elba;Elba;Elba;Elba;Elba;Elba;Elba;Elba;Elba;Elba;Elba;x
b_shalateen;É³À°ÌÚ;Shalateen;Shalateen;Shalateen;Shalateen;Shalateen;Shalateen;Shalateen;Shalateen;Shalateen;Shalateen;Shalateen;Shalateen;x
b_zabargad;Èö°Í¸ÂµÄ;Zabargad;Zabargad;Zabargad;Zabargad;Zabargad;Zabargad;Zabargad;Zabargad;Zabargad;Zabargad;Zabargad;Zabargad;x
b_tisiamti;ÌáË¹°¢Ä·Ìá;Tisiamti;Tisiamti;Tisiamti;Tisiamti;Tisiamti;Tisiamti;Tisiamti;Tisiamti;Tisiamti;Tisiamti;Tisiamti;Tisiamti;x
b_taiwi;Ì©Íş;Taiwi;Taiwi;Taiwi;Taiwi;Taiwi;Taiwi;Taiwi;Taiwi;Taiwi;Taiwi;Taiwi;Taiwi;x
b_trinkitat;ÌØÁÖ»ùËşÌØ;Trinkitat;Trinkitat;Trinkitat;Trinkitat;Trinkitat;Trinkitat;Trinkitat;Trinkitat;Trinkitat;Trinkitat;Trinkitat;Trinkitat;x
b_tokar;Í¨¿¨;Tokar;Tokar;Tokar;Tokar;Tokar;Tokar;Tokar;Tokar;Tokar;Tokar;Tokar;Tokar;x
b_teb;ÌØ²·;Teb;Teb;Teb;Teb;Teb;Teb;Teb;Teb;Teb;Teb;Teb;Teb;x
b_kwababa;¿¨Íß°Í°Í;Kwababa;Kwababa;Kwababa;Kwababa;Kwababa;Kwababa;Kwababa;Kwababa;Kwababa;Kwababa;Kwababa;Kwababa;x
b_mukden;ÄÂ¿ËµÇ;Mukden;Mukden;Mukden;Mukden;Mukden;Mukden;Mukden;Mukden;Mukden;Mukden;Mukden;Mukden;x
b_hayya;¹şÑÅ;Hayya;Hayya;Hayya;Hayya;Hayya;Hayya;Hayya;Hayya;Hayya;Hayya;Hayya;Hayya;x
b_aliab;°¢Àï°¢²¼;Aliab;Aliab;Aliab;Aliab;Aliab;Aliab;Aliab;Aliab;Aliab;Aliab;Aliab;Aliab;x
b_gebeit;¸ê±´ÌØ;Gebeit;Gebeit;Gebeit;Gebeit;Gebeit;Gebeit;Gebeit;Gebeit;Gebeit;Gebeit;Gebeit;Gebeit;x
b_taris;ËşÈÕË¹;Taris;Taris;Taris;Taris;Taris;Taris;Taris;Taris;Taris;Taris;Taris;Taris;x
b_aroma;°¬ÈŞÂê;Aroma;Aroma;Aroma;Aroma;Aroma;Aroma;Aroma;Aroma;Aroma;Aroma;Aroma;Aroma;x
b_kagnarti;¿¨¸ñÄÈÌá;Kagnarti;Kagnarti;Kagnarti;Kagnarti;Kagnarti;Kagnarti;Kagnarti;Kagnarti;Kagnarti;Kagnarti;Kagnarti;Kagnarti;x
b_tebteb;ÌØ²·ÌØ²·;Tebteb;Tebteb;Tebteb;Tebteb;Tebteb;Tebteb;Tebteb;Tebteb;Tebteb;Tebteb;Tebteb;Tebteb;x
b_gherset;¸ê¶ûÈûÌØ;Gherset;Gherset;Gherset;Gherset;Gherset;Gherset;Gherset;Gherset;Gherset;Gherset;Gherset;Gherset;x
b_anag;°¢ÄÉ¸ó;Anag;Anag;Anag;Anag;Anag;Anag;Anag;Anag;Anag;Anag;Anag;Anag;x
b_eirayab;°¬À­ÑÅ²¼;Eirayab;Eirayab;Eirayab;Eirayab;Eirayab;Eirayab;Eirayab;Eirayab;Eirayab;Eirayab;Eirayab;Eirayab;x
b_nafab;ÄÃ·¨²¼;Nafab;Nafab;Nafab;Nafab;Nafab;Nafab;Nafab;Nafab;Nafab;Nafab;Nafab;Nafab;x
b_komotit;¿ÛÄª;Komotit;Komotit;Komotit;Komotit;Komotit;Komotit;Komotit;Komotit;Komotit;Komotit;Komotit;Komotit;x
b_tahtani;ËşºÕËşÄá;Tahtani;Tahtani;Tahtani;Tahtani;Tahtani;Tahtani;Tahtani;Tahtani;Tahtani;Tahtani;Tahtani;Tahtani;x
b_fanoidig;·®Å·¶ûµÙ¸ñ;Fanoidig;Fanoidig;Fanoidig;Fanoidig;Fanoidig;Fanoidig;Fanoidig;Fanoidig;Fanoidig;Fanoidig;Fanoidig;Fanoidig;x
b_kerat;¿ÂÈ½ÌØ;Kerat;Kerat;Kerat;Kerat;Kerat;Kerat;Kerat;Kerat;Kerat;Kerat;Kerat;Kerat;x
b_kerma;¿Æ¶ûÂê;Kerma;Kerma;Kerma;Kerma;Kerma;Kerma;Kerma;Kerma;Kerma;Kerma;Kerma;Kerma;x
b_shendi;ÉêµÏ;Shendi;Shendi;Shendi;Shendi;Shendi;Shendi;Shendi;Shendi;Shendi;Shendi;Shendi;Shendi;x
k_somalia;Ë÷ÂíÀï;Somalie;Somalia;Somalia;Somalia;Somalia;Somalia;Somalia;Somalia;Somalia;Somalia;Somalia;Somalia;x
k_somalia_adj;Ë÷ÂíÀï;somalienne;Somalia;Somalia;Somalia;Somalia;Somalia;Somalia;Somalia;Somalia;Somalia;Somalia;Somalia;x
d_sennar;°¢ÂåµÏÑÇ;Alodie;Alodien;;Alodia;;;;;;;;;x
d_sennar_adj;°¢ÂåµÏÑÇ;alodienne;Alodier;;Alodia;;;;;;;;;x
d_hayya;±ÈÁÖÃÀÒÁÑÇ;Blemmyie;Blemmyien;;Blemmyia;;;;;;;;;x
d_hayya_adj;±ÈÁÖÃÀÒÁÑÇ;blemmyienne;Blemmyier;;Blemmyia;;;;;;;;;x
d_nobatia;ÅµÅÁÏÄ;Nobatie;Nobatia;Nobatia;Nobatia;Nobatia;Nobatia;Nobatia;Nobatia;Nobatia;Nobatia;Nobatia;Nobatia;x
d_nobatia_adj;ÅµÅÁÏÄ;nobatienne;Nobatia;Nobatia;Nobatia;Nobatia;Nobatia;Nobatia;Nobatia;Nobatia;Nobatia;Nobatia;Nobatia;x
c_dotawo;¶àËşÎÖ;Dotawo;Dotawo;Dotawo;Dotawo;Dotawo;Dotawo;Dotawo;Dotawo;Dotawo;Dotawo;Dotawo;Dotawo;x
c_dotawo_adj;¶àËşÎÖ;dotawo;Dotawo;Dotawo;Dotawo;Dotawo;Dotawo;Dotawo;Dotawo;Dotawo;Dotawo;Dotawo;Dotawo;x
c_nobatia;ÅµÅÁÏÄ;Nobatie;Nobatia;Nobatia;Nobatia;Nobatia;Nobatia;Nobatia;Nobatia;Nobatia;Nobatia;Nobatia;Nobatia;x
c_nobatia_adj;ÅµÅÁÏÄ;nobatienne;Nobatia;Nobatia;Nobatia;Nobatia;Nobatia;Nobatia;Nobatia;Nobatia;Nobatia;Nobatia;Nobatia;x
c_napata;ÄÉÅÁËş;Napata;Napata;Napata;Napata;Napata;Napata;Napata;Napata;Napata;Napata;Napata;Napata;x
c_napata_adj;ÄÉÅÁËş;napata;Napata;Napata;Napata;Napata;Napata;Napata;Napata;Napata;Napata;Napata;Napata;x
c_alodia;°¢ÂåµÏÑÇ;Alodie;Alodia;Alodia;Alodia;Alodia;Alodia;Alodia;Alodia;Alodia;Alodia;Alodia;Alodia;x
c_alodia_adj;°¢ÂåµÏÑÇ;alodienne;Alodia;Alodia;Alodia;Alodia;Alodia;Alodia;Alodia;Alodia;Alodia;Alodia;Alodia;x
c_kosti;¿ÆË¹Ìá;Kosti;Kosti;Kosti;Kosti;Kosti;Kosti;Kosti;Kosti;Kosti;Kosti;Kosti;Kosti;x
c_kosti_adj;¿ÆË¹Ìá;kosti;Kosti;Kosti;Kosti;Kosti;Kosti;Kosti;Kosti;Kosti;Kosti;Kosti;Kosti;x
c_aydhab;°¢ÒÁµÏ¹ş²·;Aydhab;Aydhab;Aydhab;Aydhab;Aydhab;Aydhab;Aydhab;Aydhab;Aydhab;Aydhab;Aydhab;Aydhab;x
c_aydhab_adj;°¢ÒÁµÏ¹ş²·;aydhab;Aydhab;Aydhab;Aydhab;Aydhab;Aydhab;Aydhab;Aydhab;Aydhab;Aydhab;Aydhab;Aydhab;x
c_suakin;ÈøÍß½ğ;Suakin;Suakin;Suakin;Suakin;Suakin;Suakin;Suakin;Suakin;Suakin;Suakin;Suakin;Suakin;x
c_suakin_adj;ÈøÍß½ğ;suakine;Suakin;Suakin;Suakin;Suakin;Suakin;Suakin;Suakin;Suakin;Suakin;Suakin;Suakin;x
c_trinkitat;ÌØÁÖ»ùËşÌØ;Trinkitat;Trinkitat;Trinkitat;Trinkitat;Trinkitat;Trinkitat;Trinkitat;Trinkitat;Trinkitat;Trinkitat;Trinkitat;Trinkitat;x
c_trinkitat_adj;ÌØÁÖ»ùËşÌØ;trinkitate;Trinkitat;Trinkitat;Trinkitat;Trinkitat;Trinkitat;Trinkitat;Trinkitat;Trinkitat;Trinkitat;Trinkitat;Trinkitat;x
PROV623;°¢À­¶û;Aral;;;;;;;;;;;;x
d_yaik;ÑÇÒÁ¿Ë;;;;;;;;;;;;;x
d_yaik_adj;ÑÇÒÁ¿Ë;;;;;;;;;;;;;x
d_zabulistan;Ôú²¼¶û;Zaboulistan;;;;;;;;;;;;x
d_zabulistan_adj;Ôú²¼¶û;zaboulistanaise;;;;;;;;;;;;x
c_syr_darya_adj;Îı¶ûºÓ;syr-daryenne;;;;;;;;;;;;x
b_syganak;Ë¹º±ÄÉ¿Ë;;;;;;;;;;;;;x
b_yangikent;Ñö¼ªº±;;;;;;;;;;;;;x
b_djend;ÕäµÂ;;;;;;;;;;;;;x
c_kyzylkum_adj;³àÉ³;kyzyl-koum;;;;;;;;;;;;x
c_guryev_adj;°¢ÌØÀÍ;atyrauer;;;;;;;;;;;;x
c_inder_adj;ÒòµÂ¶û;inderiane;;;;;;;;;;;;x
c_kangly_adj;¿µÀï;;;;;;;;;;;;;x
b_kangly;¿µÀï;;;;;;;;;;;;;x
c_aral_adj;°¢À­¶û;;;;;;;;;;;;;x
c_sirjan_adj;Îı¶ûÕ²;;;;;;;;;;;;;x
c_mandesh_adj;Âü´úĞë;;;;;;;;;;;;;x
b_urgench;ÓñÁú½Ü³à;;;;;;;;;;;;;x
b_kyrkmolla;»ù¶û¿ËÄªÀ­;;;;;;;;;;;;;x
b_kungrat;¹ã¼ªØİ;;;;;;;;;;;;;x
b_kizil_agir;¿Ë×Î¶û°¢¼ª¶û;;;;;;;;;;;;;x
b_khodjali;»ô×¿Àï;;;;;;;;;;;;;x
b_ulkun;ÎÚÁÒÀ¥;;;;;;;;;;;;;x
b_chaghcharan;²éºÕ²éÀ¼;;;;;;;;;;;;;x
b_banjikat;°à¼ª¿¨ÌØ;;;;;;;;;;;;;x
b_khujand;¿àÕµ;;;;;;;;;;;;;x
b_oshrusana;°ÂÊ²Â³ÉºÄÈ;;;;;;;;;;;;;x
b_isfana;ÒÁË¹·¨ÄÉ;;;;;;;;;;;;;x
b_kurkat;¹Å¶û¿¨ÌØ;;;;;;;;;;;;;x
b_nau;ÄÇÎÚ;;;;;;;;;;;;;x
d_dihistan;´óÒæË¹Ì¹;;;;;;;;;;;;;x
d_dihistan_adj;´óÒæË¹Ì¹;dihistani;;;;;;;;;;;;x
d_merv;Ä¾Â¹;;;;;;;;;;;;;x
d_merv_adj;Ä¾Â¹;merviane;;;;;;;;;;;;x
c_konjikala_adj;¿Õ¼ª¿¨À­;;;;;;;;;;;;;x
c_maymana_adj;Ã·Ä¦ÄÇ;maymanane;;;;;;;;;;;;x
b_maymana;Ã·Ä¦ÄÇ;;;;;;;;;;;;;x
b_gurziwan;¹Å¶ù¼ªÍò;;;;;;;;;;;;;x
b_darzab;¶Å¶ûÔı²·;;;;;;;;;;;;;x
b_almar;°¢¶ûÂêÀÕ;;;;;;;;;;;;;x
b_bilcheragh;±È¶û³µÀ­¸ñ;;;;;;;;;;;;;x
d_kerman;¿Ë¶ûÂü;;;;;;;;;;;;;x
d_kerman_adj;¿Ë¶ûÂüi;kermani;;;;;;;;;;;;x
k_gandhara;êùÍÓÂŞ;;;;;;;;;;;;;x
k_gandhara_adj;êùÍÓÂŞ;gandharane;;;;;;;;;;;;x
d_kabul;¿¦²¼¶ûË¹Ì¹;Kaboulistan;;;;;;;;;;;;x
d_kabul_adj;¿¦²¼¶ûË¹Ì¹;kaboulienne;;;;;;;;;;;;x
c_ghazna_adj;Ù¤É«Äá;;;;;;;;;;;;;x
c_kabul_adj;¿¦²¼¶û;kaboulienne;;;;;;;;;;;;x
c_kunduz_adj;À¥¶¼Ê¿;;;;;;;;;;;;;x
c_khuttal_adj;çæßÍÂŞ;khuttali;;;;;;;;;;;;x
c_oshrusana_adj;°ÂÊ²Â³ÉºÄÈ;;;;;;;;;;;;;x
b_munjan;ÄÂ¼Ö¶÷;;;;;;;;;;;;;x
b_jauz_gun;ÔıÎÚ×È¹±;;;;;;;;;;;;;x
b_taloqan;ËşÂ¬¿²;;;;;;;;;;;;;x
b_jurm;ÈåÈÎ;;;;;;;;;;;;;x
b_dushanbe;¶ÅÉĞ±ğ;;;;;;;;;;;;;x
b_kabul;¿¦²¼¶û;Kaboul;;;;;;;;;;;;x
b_baghlan;²§ÂŞ;;;;;;;;;;;;;x
b_siminjan;ÈøÄ©íK;;;;;;;;;;;;;x
b_surkh_kotal;ËÕ¶ûºÕ¿ÆËş¶û;;;;;;;;;;;;;x
b_ghazna;Ù¤É«Äá;;;;;;;;;;;;;x
c_bost_adj;²©Ë¹ÌØ;;;;;;;;;;;;;x
b_bost;²©Ë¹ÌØ;;;;;;;;;;;;;x
b_kandahar;¿²´ó¹ş;;;;;;;;;;;;;x
b_zamindawar;ÔúÃ÷µÂÍß;;;;;;;;;;;;;x
c_zaranj_adj;ÔúÀ¼¼¾;;;;;;;;;;;;;x
b_zaranj;ÔúÀ¼¼¾;;;;;;;;;;;;;x
b_zahak;Ôú¹ş¿Ë;;;;;;;;;;;;;x
c_saravan_adj;ÈøÀ­Íò;;;;;;;;;;;;;x
c_ashli_adj;°¢Ë¹Àû;;;;;;;;;;;;;x
c_qazan_adj;¿¦É½;;;;;;;;;;;;;x
c_pecheneg_adj;ÅåÇĞÄù¸ñ;petchénègue;;;;;;;;;;;;x
c_tobol_adj;ÍĞ²©¶û;tobole;;;;;;;;;;;;x
b_sibir;Ê§±Ø¶ù;Sibir;;;;;;;;;;;;x
c_sibir_adj;Ê§±Ø¶ù;sibirienne;;;;;;;;;;;;x
d_sibir;Ê§±Ø¶ù;Sibir;;;;;;;;;;;;x
d_sibir_adj;Ê§±Ø¶ù;sibirienne;;;;;;;;;;;;x
c_ural_adj;ÎÚÀ­¶û;ouralienne;;;;;;;;;;;;x
b_ural;ÎÚÀ­¶û;Oural;;;;;;;;;;;;x
b_tobol;ÍĞ²©¶û;;;;;;;;;;;;;x
d_yugra;ÓÈ¸ñÀ­;;;;;;;;;;;;;x
d_yugra_adj;ÓÈ¸ñÀ­;;;;;;;;;;;;;x
b_pecheneg;ÅåÇĞÄù¸ñ;Pétchénègue;;;;;;;;;;;;x
b_sangin;É£½ğ;;;;;;;;;;;;;x
b_gereshk;¸ñÀïÊ²¿Ë;;;;;;;;;;;;;x
b_chaman;²èÂı;;;;;;;;;;;;;x
b_chora;ÇÇÀ­;;;;;;;;;;;;;x
b_panjwai;ÅË½ÜÍßÒÁ;;;;;;;;;;;;;x
b_milak;Ã×À­¿Ë;;;;;;;;;;;;;x
b_bonjar;²©ÄáÑÇ¶û;;;;;;;;;;;;;x
b_nimeh;ÄáÃ·Ï£;;;;;;;;;;;;;x
b_nahrain;ÄÇºÕÁÖ;;;;;;;;;;;;;x
b_mogholan;ÃÉ¸çÀ¼;;;;;;;;;;;;;x
b_khomri;ºúÄ·Àï;;;;;;;;;;;;;x
b_gardez;¼ÓµÂ×È;;;;;;;;;;;;;x
b_khost;»ôË¹ÌØ;;;;;;;;;;;;;x
b_loman;öÔ÷©;;;;;;;;;;;;;x
b_katawaz;¿¨ËşÍß×È;;;;;;;;;;;;;x
b_sharana;æ¶À¼ÄÇ;;;;;;;;;;;;;x
b_sangar;É£¼Ó¶û;;;;;;;;;;;;;x
b_kulob;¿âÂå²¼;;;;;;;;;;;;;x
b_vakash;·¢¿¨Ê²;;;;;;;;;;;;;x
b_bekobod;±´¿Æ²©µÂ;;;;;;;;;;;;;x
c_fergana_adj;·Ñ¶û¸ÉÄÉ;;;;;;;;;;;;;x
b_fergana;·Ñ¶û¸ÉÄÉ;;;;;;;;;;;;;x
b_khavakend;ºÆº±;;;;;;;;;;;;;x
b_namangan;ÄÉÂü¸É;;;;;;;;;;;;;x
b_osh;°ÂÏ£;;;;;;;;;;;;;x
b_uzkand;ÎÚÖ§¸ù;;;;;;;;;;;;;x
b_andijan;°²¼¯ÑÓ;;;;;;;;;;;;;x
b_margilan;Âí¶û¸ñÀ¼;;;;;;;;;;;;;x
b_rishton;ÀïÊ²¶Ù;;;;;;;;;;;;;x
d_zhetysu;ÆßºÓ;;;;;;;;;;;;;x
d_zhetysu_adj;ÆßºÓ;zhetysu;;;;;;;;;;;;x
d_syr_darya;Îı¶ûºÓ;Syr-Darya;;;;;;;;;;;;x
d_syr_darya_adj;Îı¶ûºÓ;syr-daryenne;;;;;;;;;;;;x
c_otrar_adj;¶ï´ğØİ;;;;;;;;;;;;;x
b_otrar;¶ï´ğØİ;;;;;;;;;;;;;x
b_shaulder;ÉÜÀû½Ü¶û;;;;;;;;;;;;;x
b_shoshkakoi;Ë·Ê²¿¨¿­;;;;;;;;;;;;;x
b_chernak;³µ¶ûÄÉ¿Ë;;;;;;;;;;;;;x
b_kentau;¿ÏÌ×;;;;;;;;;;;;;x
b_turtkul;Í¼¶ûÌØ¿â¶û;;;;;;;;;;;;;x
b_chach;ô÷Ê¯;;;;;;;;;;;;;x
b_navekat;ÄÉÎ¬¿¨ÌØ;;;;;;;;;;;;;x
b_sayram;ÈüÀ¶;;;;;;;;;;;;;x
b_isbijab;ÒÁË¹±ÈÔı²¼;;;;;;;;;;;;;x
b_shymkent;Ï£Ä·¸É;;;;;;;;;;;;;x
b_pskent;±ğË¹¸É;;;;;;;;;;;;;x
b_turbat;ÍÁ¶û°ÍÌØ;;;;;;;;;;;;;x
c_chuy_adj;³şºÓ;;;;;;;;;;;;;x
b_suyab;ËéÒ¶;;;;;;;;;;;;;x
b_bishkek;±ÈÊ²¿­¿Ë;;;;;;;;;;;;;x
b_almatu;°¢À­Ä¾Í¼;;;;;;;;;;;;;x
b_taraz;âòÂßË¹;;;;;;;;;;;;;x
b_merke;Ãğ¶û»ù;;;;;;;;;;;;;x
b_tokmok;ÍĞ¿ËÂí¿Ë;;;;;;;;;;;;;x
b_balasagun;°ËØİÉ³Ùò;;;;;;;;;;;;;x
c_ili_adj;ÒÁÀç;;;;;;;;;;;;;x
b_almaliq;°¢Á¦ÂéÀï;;;;;;;;;;;;;x
b_kulja;¹ÌÀÕÔú;;;;;;;;;;;;;x
b_koktal;¿Æ¿ËËş¶û;;;;;;;;;;;;;x
b_tekes;ÌØ¿ËË¹;;;;;;;;;;;;;x
b_kax;¹şÊ²;;;;;;;;;;;;;x
b_kunes;¿×¸ğË¹;;;;;;;;;;;;;x
b_sharyn;²ìÁÖ;;;;;;;;;;;;;x
c_zhetysu_adj;ÆßºÓ;;;;;;;;;;;;;x
b_sarkand;Èø¶û¿²µÂ;;;;;;;;;;;;;x
b_taldykorgan;Ëş¶ûµÏ¿â¶û¸É;;;;;;;;;;;;;x
b_karatal;¿¨À°Ëş¶û;;;;;;;;;;;;;x
b_kapchagai;¼³²ì¸Ä;;;;;;;;;;;;;x
b_koksu;¿Æ¿ËËÕ;;;;;;;;;;;;;x
b_matay;ÂíÌ¨;;;;;;;;;;;;;x
c_karluk_adj;¸ğÂŞåÖ;;;;;;;;;;;;;x
b_nushibi;åóÊ§±Ï;;;;;;;;;;;;;x
b_ulug_ok;ºúÂ»Îİ;;;;;;;;;;;;;x
b_alishi;°¢ÀûÊ©;;;;;;;;;;;;;x
b_sakla_baga;Ë÷¸ğÄªºØ;;;;;;;;;;;;;x
b_saryshaghan;ÈøÀ×É³¸Ê;;;;;;;;;;;;;x
b_zhaylaukol;Õ«ÀÏ¿Æ¶û;;;;;;;;;;;;;x
c_narim_adj;ÄÉÁÖ;;;;;;;;;;;;;x
b_narim;ÄÉÁÖ;;;;;;;;;;;;;x
b_kolta;¿Æ¶ûËş;;;;;;;;;;;;;x
b_yag;ÑÅ¸ñ;;;;;;;;;;;;;x
b_abakan;°¢°Í¿²;;;;;;;;;;;;;x
c_ishim_adj;ÒÁÏ£Ä·;;;;;;;;;;;;;x
b_ishim;ÒÁÏ£Ä·;;;;;;;;;;;;;x
b_esil;Ò¶Î÷¶û;;;;;;;;;;;;;x
b_mamlyut;ÂíÄ·ÁøÌØ;;;;;;;;;;;;;x
b_ust_ishim;ÎÚË¹¼¾ÒÁÏ£Ä·;;;;;;;;;;;;;x
d_kipchak;ÇÕ²ì;;;;;;;;;;;;;x
d_kipchak_adj;ÇÕ²ì;kipchak;;;;;;;;;;;;x
c_kipchak_adj;ÇÕ²ì;kipchak;;;;;;;;;;;;x
b_zhitikara;½ÜÌØ¼ÓÀ­;;;;;;;;;;;;;x
b_zhailma;ÔúÒÁ¶ûÂí;;;;;;;;;;;;;x
b_kipchak;ÇÕ²ì;;;;;;;;;;;;;x
b_amankaragaj;°¢Âü¿¨À­¸Ç;;;;;;;;;;;;;x
b_kusmuryn;¹ÅË¹Ä¾ÈÎ;;;;;;;;;;;;;x
c_turgay_adj;Í¼¶û¸Ç;;;;;;;;;;;;;x
b_turgay;Í¼¶û¸Ç;;;;;;;;;;;;;x
b_ust_turgay;ÎÚË¹¼¾Í¼¶û¸Ç;;;;;;;;;;;;;x
b_karakal;¿¨À­¿¨¶û;;;;;;;;;;;;;x
b_zhailyk;ÔúÒÁÁ¦;;;;;;;;;;;;;x
c_kazakh_adj;¹şÈø¿Ë;kazakhe;;;;;;;;;;;;x
b_zhezdi;½Ü×ÈµÏ;;;;;;;;;;;;;x
b_zhairem;ÔúÒÁÀÕÄ·;;;;;;;;;;;;;x
b_zhezkazgan;½Ü×È¿¨×È¸Ê;;;;;;;;;;;;;x
b_karsakpay;¿¨¶ûÈø¿ËÅÁÒÁ;;;;;;;;;;;;;x
b_jezkazgan;½Ü×È¿¨×Èº¹;;;;;;;;;;;;;x
b_kengir;¿Ï¼ª¶û;;;;;;;;;;;;;x
d_kimak;»ùÂí¿Ë;;;;;;;;;;;;;x
d_kimak_adj;»ùÂí¿Ë;;;;;;;;;;;;;x
c_kimak_adj;»ùÂí¿Ë;;;;;;;;;;;;;x
b_kimak;»ùÂí¿Ë;;;;;;;;;;;;;x
b_tengiz;Ìï¼ª×È;;;;;;;;;;;;;x
b_atasu;°¢ËşËÕ;;;;;;;;;;;;;x
b_arkalyk;°¢¶û¿¨À×¿Ë;;;;;;;;;;;;;x
c_tura_adj;Í¼À­;;;;;;;;;;;;;x
b_tura;Í¼À­;;;;;;;;;;;;;x
b_almaty;°¢À­Ä¾Í¼;;;;;;;;;;;;;x
b_bestobe;±ğË¹ÍĞ±ğ;;;;;;;;;;;;;x
b_seletyteniz;É«ÁÒÌáÌïÄá×È;;;;;;;;;;;;;x
b_teke;Ìú¿Ë;;;;;;;;;;;;;x
b_kishkenekol;Ğ¡º£×Ó;;;;;;;;;;;;;x
c_balkhash_adj;°Í¶û¿¦Ê²;;;;;;;;;;;;;x
b_balkhash;°Í¶û¿¦Ê²;;;;;;;;;;;;;x
b_gulshat;¹Å¶ûÉ¯ÌØ;;;;;;;;;;;;;x
b_shashubay;É¯Ê÷°İ;;;;;;;;;;;;;x
b_akshatau;°¢¿ËÉ³Ì×;;;;;;;;;;;;;x
b_karazhal;¿¨À­Ôú¶û;;;;;;;;;;;;;x
b_aktogay;°¢¿ËÍ¼¸Ä;;;;;;;;;;;;;x
b_karagandy;¿¨À­¸É´ï;;;;;;;;;;;;;x
d_kirghiz;÷ïê©Ë¹;;;;;;;;;;;;;x
d_kirghiz_adj;÷ïê©Ë¹;kirghiz;;;;;;;;;;;;x
c_kirghiz_adj;÷ïê©Ë¹;;;;;;;;;;;;;x
b_kirghiz;÷ïê©Ë¹;;;;;;;;;;;;;x
b_altay;°¢¶ûÌ©;;;;;;;;;;;;;x
b_telengit;ÌúÁĞÎÚ;;;;;;;;;;;;;x
b_tele;ÌúÀÕ;;;;;;;;;;;;;x
b_osinniki;°ÂĞÁÄá»ù;;;;;;;;;;;;;x
c_ket_adj;í¬;;;;;;;;;;;;;x
b_ket;í¬;;;;;;;;;;;;;x
b_asino;°¢Î÷Åµ;;;;;;;;;;;;;x
b_ketkas;í¬¼ÓË¹;;;;;;;;;;;;;x
b_sochur;Ë÷³ş¶û;;;;;;;;;;;;;x
b_chachamga;²ì²ìÄ·¼Ó;;;;;;;;;;;;;x
c_urzhar_adj;ÎÚ¶ûÔı¶û;;;;;;;;;;;;;x
b_urzhar;ÎÚ¶ûÔı¶û;;;;;;;;;;;;;x
b_akzhar;°¢¿ËÔı¶û;;;;;;;;;;;;;x
b_ayagoz;°¢ÑÇ¹Å×È;;;;;;;;;;;;;x
b_taskesken;´ïË¹¿ËË¹¿Ï;;;;;;;;;;;;;x
b_zaysan;Õ«É£;;;;;;;;;;;;;x
c_socotra_adj;Ë÷¿ÆÌØÀ­;;;;;;;;;;;;;x
b_tamrida;Ì©Ä·Àû´ï;;;;;;;;;;;;;x
b_qadheb;¿¨µÂ¹ş²·;;;;;;;;;;;;;x
b_sherubrub;Ğ»Â³²·Â³²·;;;;;;;;;;;;;x
b_stero;Ë¹Ì©ÂŞ;;;;;;;;;;;;;x
b_rideh;ÀûµÃºÕ;;;;;;;;;;;;;x
b_bidholeh;±Ï×ôÀ×ºÕ;;;;;;;;;;;;;x
b_aadel;°¢´úÀÕ;;;;;;;;;;;;;x
PROV615;°ÍÊ²»ùÀûÑÇ;;;;;;;;;;;;;x
PROV616;ÅåÇĞÄù¸ñ;Pétchénègue;;;;;;;;;;;;x
PROV889;ÎÚÀ­¶û;Oural;;;;;;;;;;;;x
PROV893;Ê§±Ø¶ù;Sibir;;;;;;;;;;;;x
k_afghanistan;°¢¸»º¹;Afghanistan;;;;;;;;;;;;x
k_baluchistan;ÙÂÂ·Ö§;Baloutchistan;;;;;;;;;;;;x
d_baluchistan;ÙÂÂ·Ö§;Baloutchistan;;;;;;;;;;;;x
e_rajastan;ÂŞê^ÊªÌ´ÄÇ;;;;;;;;;;;;;x
k_sindh;ĞÅ¶È;;;;;;;;;;;;;x
d_sauvira;ËÚÅşÂŞ;;;;;;;;;;;;;x
d_bhakkar;°Í¿¨¶û;;;;;;;;;;;;;x
k_punjab;ÅÔÕÚÆÕ;;;;;;;;;;;;;x
d_multan;Ä¾¶ûÌ¹;;;;;;;;;;;;;x
d_lahore;ÂŞÆÅ²¹ÂŞ;;;;;;;;;;;;;x
d_gandhara;êùÍÓÂŞ;;;;;;;;;;;;;x
k_delhi;µÂÀï;;;;;;;;;;;;;x
d_kuru;¾ãÂ¬;;;;;;;;;;;;;x
d_haritanaka;Ú­Àû¶àÄÇåÈ;;;;;;;;;;;;;x
d_mathura;ï÷İËÂŞ;;;;;;;;;;;;;x
d_vodamayutja;ÆĞÍÓÄ¦è¤ÍÓ;;;;;;;;;;;;;x
k_gujarat;öÄÕÛÂŞ;Gujarat;;;;;;;;;;;;x
d_gurjara_mandala;öÄÕÛÂŞÂüÍÓÂŞ;;;;;;;;;;;;;x
d_anartta;°¢ÄÇÂŞ¶à;;;;;;;;;;;;;x
d_saurashtra;ËÕØİ÷;;;;;;;;;;;;;x
d_lata;ÂŞ¶à;;;;;;;;;;;;;x
k_rajputana;ÂŞê^¸»Ì´ÄÇ;;;;;;;;;;;;;x
d_maru;Ä¦Â¥;;;;;;;;;;;;;x
d_jangladesh;Ñ®Ù¤ÂŞ;;;;;;;;;;;;;x
d_stravani;ÊªÍÓÂŞÆÅÄá;;;;;;;;;;;;;x
d_medapata;ÃÜÍÓ²¨¶à;;;;;;;;;;;;;x
d_ajmer;°¢ê^Ò®ÃÔÂ¥;;;;;;;;;;;;;x
k_malwa;Ä¦À°ÆÅ;;;;;;;;;;;;;x
d_dadhipadra;°¢˜„µ×;;;;;;;;;;;;;x
d_akara_dasarna;°¢Ù¤ÂŞ´ïÈøÄÇ;;;;;;;;;;;;;x
d_anupa;°¢ññ²§;;;;;;;;;;;;;x
k_kosala;‘xÈøÂŞ;;;;;;;;;;;;;x
d_kanyakubja;ÇúÅ®³Ç;;;;;;;;;;;;;x
d_saryupara;ÈøÓÉ²¨ÂŞ;;;;;;;;;;;;;x
d_jejakabhukti;µoÉİÙ¤·üµÛ;;;;;;;;;;;;;x
e_bengal;ÅÔÙ¤ÂŞµÛ¹ú;Empire bengalais;;;;;;;;;;;;x
e_bengal_adj;ÅÔÙ¤ÂŞ;bengalaise;;;;;;;;;;;;x
k_gondwana;‘xÍÓÂŞÄáÒ®;;;;;;;;;;;;;x
d_dahala;Ù¢Ú­ÂŞ;;;;;;;;;;;;;x
d_ratanpur;ÂŞÌ´³Ç;;;;;;;;;;;;;x
k_bengal;ÅÔÙ¤ÂŞ;Bengale;;;;;;;;;;;;x
d_vanga;ÎÄÙ¤;;;;;;;;;;;;;x
d_varendra;·¥ÄÑÍÓÂŞ;;;;;;;;;;;;;x
d_gauda;ÇÇİ±;;;;;;;;;;;;;x
d_nadia;ÄÇÍÓ;;;;;;;;;;;;;x
d_suhma;ĞëÄ¦;;;;;;;;;;;;;x
k_kamarupa;åÈÄ¦ÂÆ²¨;;;;;;;;;;;;;x
d_kamarupanagara;åÈÄ¦ÂÆ²¨ÄÇ³Ç;;;;;;;;;;;;;x
d_para_lauhitya;²¨ÂŞÂ¶ÕÚ;;;;;;;;;;;;;x
d_sutiya;ËÕµ×Ò®;;;;;;;;;;;;;x
k_orissa;°ÂÀæÈø;;;;;;;;;;;;;x
d_daksina_kosala;ÄÏ‘xÈøÂŞ;;;;;;;;;;;;;x
d_tosali;¶ÃÉáÀë;;;;;;;;;;;;;x
d_kalinga;ôÉÁêÙ¤;;;;;;;;;;;;;x
d_dandakaranya;Ì´ÍÓåÈÀ¼Ò®;;;;;;;;;;;;;x
k_bihar;ÅşÚ­ÂŞ;;;;;;;;;;;;;x
d_tirabhukti;µÛÄÇ·üµÛ;;;;;;;;;;;;;x
d_kasi;åÈÊ¬;;;;;;;;;;;;;x
d_jharkand;ê^ÂŞ¸ÉÍÓ;;;;;;;;;;;;;x
d_magadha;Ä¦½ÒÍÓ;;;;;;;;;;;;;x
e_deccan;µÂ¸ÉµÛ¹ú;Empire Deccan;;;;;;;;;;;;x
e_deccan_adj;µÂ¸É;;;;;;;;;;;;;x
k_maharastra;Ä¦Ú­ÂŞáÏ;;;;;;;;;;;;;x
d_vidharba;ÅşÍÓÆÅ;;;;;;;;;;;;;x
d_konkana;‘xåÈÄÇ;;;;;;;;;;;;;x
d_nasikya;ÄÇÊ¬Ò;;;;;;;;;;;;;x
d_devagiri;ÌáÆÅêÈÀå;;;;;;;;;;;;;x
d_rattapadi;ÂÉ¶à²¨µ×;;;;;;;;;;;;;x
k_karnata;åÈÄÇ¶à;;;;;;;;;;;;;x
d_kalyani;Ù¤Á«Äá;;;;;;;;;;;;;x
d_gangavadi;š„Ù¤ÆÅëÕ;;;;;;;;;;;;;x
d_nulambavadi;Å«À¶²¨ÆÅëÕ;;;;;;;;;;;;;x
d_raichur_doab;ÀæÖéÂŞÉà;;;;;;;;;;;;;x
k_tamilakam;ÍÓÃÜÂŞåÈÄ¦;;;;;;;;;;;;;x
d_chola_nadu;ÖìÂŞÄÃ¶¼;;;;;;;;;;;;;x
d_pandya_nadu;‹Š¾×ÄÃ¶¼;;;;;;;;;;;;;x
d_chera_nadu;Ö§ÂŞÄÃ¶¼;;;;;;;;;;;;;x
d_tondai_nadu;ÌÆ´úÄÃ¶¼;;;;;;;;;;;;;x
k_andhra;°¸´ïÂŞ;;;;;;;;;;;;;x
d_vengi;ÎÄêÈ;;;;;;;;;;;;;x
d_udayagiri;ÓÅÍÓÒ®êÈÀå;;;;;;;;;;;;;x
k_telingana;µÃÀãÙ¤ÄÇ;;;;;;;;;;;;;x
d_warangal;ÆÅÀ¼Ù¤ÂŞ;;;;;;;;;;;;;x
d_racakonda;ÂŞÕÚ‘xÍÓ;;;;;;;;;;;;;x
k_lanka;ÀãÙ¤;;;;;;;;;;;;;x
d_lanka;ÀãÙ¤;;;;;;;;;;;;;x
d_sinhala;É®Ù¤ÂŞ;;;;;;;;;;;;;x
c_cholamandalam;ÖìÂŞÂüÍÓÂŞ;;;;;;;;;;;;;x
c_cholamandalam_adj;ÖìÂŞ;;;;;;;;;;;;;x
b_tanjavur;Ì´Ù¤Íß;;;;;;;;;;;;;x
b_uraiyur;ÎÚÀ³ÓÈ¶û;;;;;;;;;;;;;x
b_nagapattinam;ÄÇåÈ°ÏÌØã¶;;;;;;;;;;;;;x
b_kannanur;¸ÊÄÇÂŞ;;;;;;;;;;;;;x
b_gangaikondacolapuram;¸ÊÙ¤‘xÍÓ¿ÂÂŞ²¹ã¶;;;;;;;;;;;;;x
b_srirangam;Ë¹Àïã¶¸Ê;;;;;;;;;;;;;x
b_kumbhakarna;ğ¯Ä·ÆÅåÈÄÉ;;;;;;;;;;;;;x
c_tagadur;¶àÙ¤Í·ÂŞ;;;;;;;;;;;;;x
c_tagadur_adj;¶àÙ¤Í·ÂŞ;;;;;;;;;;;;;x
b_tagadur;¶àÙ¤Í·ÂŞ;;;;;;;;;;;;;x
b_satyamangalam;ÉªµÙÒ®ÃÅÙ¤ã¶;;;;;;;;;;;;;x
b_jinji;ì½êÈ;;;;;;;;;;;;;x
b_tirukkovalur;ÌáÂ¬Ù¤ÆÅÂ¬;;;;;;;;;;;;;x
b_padaividu;²¨¶àÅş¶¼;;;;;;;;;;;;;x
b_siyyamangalam;Ë¹Ò®ÃÅÙ¤ã¶;;;;;;;;;;;;;x
c_madurai;Ä¦İËÀ´;;;;;;;;;;;;;x
c_madurai_adj;Ä¦İËÀ´;;;;;;;;;;;;;x
b_madurai;Ä¦İËÀ´;;;;;;;;;;;;;x
b_srivilliputtur;Ë¹ÀïÅşÀû²¼¶Å¶û;;;;;;;;;;;;;x
b_ramesvaram;ÂŞÄ¦·¥ã¶;;;;;;;;;;;;;x
b_kilakarai;¼ªÂŞÙ¤ÂŞ;;;;;;;;;;;;;x
b_ramnadhapuram;ã¶ÄÇÍÓ²¹ã¶;;;;;;;;;;;;;x
b_tiruparankunram;ÌáÂ¬²¨À¼¹±ã¶;;;;;;;;;;;;;x
b_anaimalai;°¢ÄÎÂíÀ³;;;;;;;;;;;;;x
c_tirunelveli;µ×Â¬ÄÚÀÕ·ÍÀæ;;;;;;;;;;;;;x
c_tirunelveli_adj;µ×Â¬ÄÚÀÕ·ÍÀæ;tirunelveliane;;;;;;;;;;;;x
b_tirunelveli;µ×Â¬ÄÚÀÕ·ÍÀæ;;;;;;;;;;;;;x
b_kayattar;åÈÒ®¶à;;;;;;;;;;;;;x
b_korkai;‘xåÈ;;;;;;;;;;;;;x
b_kayal;åÈÒ®;;;;;;;;;;;;;x
b_kalugumalai;Ù¤Â¬¹ÅÄ¦ÂŞ;;;;;;;;;;;;;x
b_tiruvalisvaram;ÌáÂ¬·¥ÀûÆÅÀ¼;;;;;;;;;;;;;x
c_kongu;¹±¹Å;;;;;;;;;;;;;x
c_kongu_adj;¹±¹Å;;;;;;;;;;;;;x
b_karavur;Ù¤ÂŞ²¹;;;;;;;;;;;;;x
b_erode;¶òÂ¬µÂ;;;;;;;;;;;;;x
b_perur;·ÍÂ¬¶û;;;;;;;;;;;;;x
b_dharapuri;ÍÓÂŞ²¹ÂŞ;;;;;;;;;;;;;x
b_hemambika;Ú­ÂüåÈÅş;;;;;;;;;;;;;x
b_sendamangalam;Î÷ÍÓÂüåÈÀã;;;;;;;;;;;;;x
b_tiruppur;µÙÂ¬²¹ÂŞ;;;;;;;;;;;;;x
b_namakkal;ÄÇÄ¦åÈ¶û;;;;;;;;;;;;;x
b_sankagiri;É£åÈêÈÀû;;;;;;;;;;;;;x
c_tenkasi;ÌìÙ¤Ë¹;;;;;;;;;;;;;x
c_tenkasi_adj;ÌìÙ¤Ë¹;tenkasi;;;;;;;;;;;;x
b_tenkasi;ÌìÙ¤Ë¹;;;;;;;;;;;;;x
b_dindigul;¶¡µÏ¹Å¶û;;;;;;;;;;;;;x
b_sankaranayinarkovil;É£åÈÂŞÄÇÒ®ÄÇ‘xÅş;;;;;;;;;;;;;x
b_palayamcottai;²¨ÂŞÑÓ¿Â¶à;;;;;;;;;;;;;x
b_tirumalapuram;ÌáÂ¬Ä¦ÂŞ²¹Àã;;;;;;;;;;;;;x
b_aivarmalai;°¢·¥Ä¦ÂŞ;;;;;;;;;;;;;x
c_kanchipuram;½¨Ö¾²¹ÂŞ;;;;;;;;;;;;;x
c_kanchipuram_adj;½¨Ö¾²¹ÂŞ;;;;;;;;;;;;;x
b_kanchipuram;½¨Ö¾²¹ÂŞ;;;;;;;;;;;;;x
b_uttaramerur;ÓÈ¶àÂŞÄ¦Â¬;;;;;;;;;;;;;x
b_mailapur;Ä¦ÂŞ²¹ÂŞ;;;;;;;;;;;;;x
b_rajagiri;ÂŞÉİêÈÀû;;;;;;;;;;;;;x
b_koodalur;‘xÍÓÂ¬¶û;;;;;;;;;;;;;x
b_takkaloma;¶àÙ¤Â¬Ä¦;;;;;;;;;;;;;x
b_alampuravi;°¢Àã²¹ÂŞÅş;;;;;;;;;;;;;x
c_potapi;ÆĞ¶àÅş;;;;;;;;;;;;;x
c_potapi_adj;ÆĞ¶àÅş;;;;;;;;;;;;;x
b_potapi;ÆĞ¶àÅş;;;;;;;;;;;;;x
b_kaveripattinam;Ù¤Ò®Àû°ÏÌáÀ¼;;;;;;;;;;;;;x
b_tirupati;ÌáÂ¬²¨Ìá;;;;;;;;;;;;;x
b_kalahasti;Ù¤ÂŞÚ­Ìá;;;;;;;;;;;;;x
b_melpadi;Ä¦ÆÅÌá;;;;;;;;;;;;;x
b_tiruvannamalai;ÌáÂ¬ÍßÄÇÄ¦ÂŞ;;;;;;;;;;;;;x
b_virincipuram;ÅşÀûÎ÷²¹Àã;;;;;;;;;;;;;x
c_mahoyadapuram;Ä¦ºôÒ®ÍÓ²¹ÂŞ;;;;;;;;;;;;;x
c_mahoyadapuram_adj;Ä¦ºôÒ®ÍÓ²¹ÂŞ;mahoyadapurame;;;;;;;;;;;;x
b_mahoyadapuram;Ä¦ºôÒ®ÍÓ²¹ÂŞ;;;;;;;;;;;;;x
b_udagai;ÓÈÍÓÙ¤;;;;;;;;;;;;;x
b_kaladi;Ù¤ÂŞµÏ;;;;;;;;;;;;;x
b_kunjakari;¹±ÉİåÈÀû;;;;;;;;;;;;;x
b_tripunittura;ÌáÀï²¼ÄáÍ¼ÂŞ;;;;;;;;;;;;;x
b_kaviyur;Ù¤ÅşÓÉ;;;;;;;;;;;;;x
b_kadungallur;åÈ¶ÙåÈÂ¬¶û;;;;;;;;;;;;;x
c_venadu;·ÍÄÇİË;;;;;;;;;;;;;x
c_venadu_adj;·ÍÄÇİË;;;;;;;;;;;;;x
b_vizhinjam;ÅşÖ»Ñ®;;;;;;;;;;;;;x
b_kollam;‘xÀã;;;;;;;;;;;;;x
b_kanya_kumari;¸ÊÒ® ¾ßÄ¦Äá;;;;;;;;;;;;;x
b_anantasayanam;°¢ÄÇ¶àÈøÒ®À¼;;;;;;;;;;;;;x
b_kandalur;¸ÊÍÓÂ¬¶û;;;;;;;;;;;;;x
b_nagercoil;ÄÉ¸Ç¿ÆÒÁ¶û;;;;;;;;;;;;;x
c_qalqut;¹ÅÀï;;;;;;;;;;;;;x
c_qalqut_adj;¹ÅÀï;;;;;;;;;;;;;x
b_calicut;¿¨Àï¿¨ÌØ;;;;;;;;;;;;;x
b_nediyiruppu;ÄÚµÏÒ®Â¬²¹;;;;;;;;;;;;;x
b_kannur;¸ÊÅ¬¶û;;;;;;;;;;;;;x
b_urakam;ÓÈÂŞ¸Ê;;;;;;;;;;;;;x
b_vatakara;·¥¶àÙ¤ÂŞ;;;;;;;;;;;;;x
b_parappanangadi;²¨ÂŞ²¨ÄÇåÈµÏ;;;;;;;;;;;;;x
b_chaliyam;Ù¤ÀûÒ®;;;;;;;;;;;;;x
c_kanara;Ù¤ÄÇÂŞ;;;;;;;;;;;;;x
c_kanara_adj;Ù¤ÄÇÂŞ;;;;;;;;;;;;;x
b_udayavara;ÓÈÍÓÒ®·¥ÂŞ;;;;;;;;;;;;;x
b_udupi;ÓÈ¶ÅÅş;;;;;;;;;;;;;x
b_mangalur;ÂüåÈÂ¬¶û;;;;;;;;;;;;;x
b_dharmasthala;ÍÓÄ¦¶àÂŞ;;;;;;;;;;;;;x
b_kasargod;Ù¤ÈøÂŞµÄ;;;;;;;;;;;;;x
b_kadarika;Ù¤ÍÓÀûåÈ;;;;;;;;;;;;;x
c_kalyani;Ù¤Á«Äá;;;;;;;;;;;;;x
c_kalyani_adj;Ù¤Á«Äá;;;;;;;;;;;;;x
b_kalyani;Ù¤Á«Äá;;;;;;;;;;;;;x
b_narayanapur;ÄÇÂŞÒ®ÄÇ²¹ÂŞ;;;;;;;;;;;;;x
b_umapur;ÓÈÄ¦²¹ÂŞ;;;;;;;;;;;;;x
b_hanakuni;Ú­ÄÇ¾ãÄá;;;;;;;;;;;;;x
b_ausa;°¢Èø;;;;;;;;;;;;;x
c_bidar;ÅşÍÓÂŞ;;;;;;;;;;;;;x
c_bidar_adj;ÅşÍÓÂŞ;bidarane;;;;;;;;;;;;x
b_bidar;ÅşÍÓÂŞ;;;;;;;;;;;;;x
b_avarwadi;°¢·¥ÍßµÏ;;;;;;;;;;;;;x
b_kamthana;¸Ê¶àÄÇ;;;;;;;;;;;;;x
b_bhalki;ÆÅ¼ª;;;;;;;;;;;;;x
b_jalasangvi;ÉİÂŞÉ£Åş;;;;;;;;;;;;;x
b_bhatambra;ÆÅ¶àÄ¦ÂŞ;;;;;;;;;;;;;x
b_tekadee;ÍÓåÈµÂ;;;;;;;;;;;;;x
c_manyakheta;ÂüÒ®¼ª¶à;;;;;;;;;;;;;x
c_manyakheta_adj;ÂüÒ®¼ª¶à;;;;;;;;;;;;;x
b_manyakheta;ÂüÒ®¼ª¶à;;;;;;;;;;;;;x
b_yadavagiri;ÑÇ´ïÍß»ùÀû;;;;;;;;;;;;;x
b_sedam;Èû´ïÄ·;;;;;;;;;;;;;x
b_gulbarga;¹Å¶û²®¼Ó;;;;;;;;;;;;;x
b_kovilkonda;¿ÆÎ¬¶û¹±´ï;;;;;;;;;;;;;x
b_firuzabad;·ÆÂ³Ôú°ÍµÏ;;;;;;;;;;;;;x
c_sagar;ÈøÙ¤ÂŞ;;;;;;;;;;;;;x
c_sagar_adj;ÈøÙ¤ÂŞ;;;;;;;;;;;;;x
b_sagar;ÈøÙ¤ÂŞ;;;;;;;;;;;;;x
b_bagavadi;°Í¼ÓÍßµÏ;;;;;;;;;;;;;x
b_pattadakal;ÅÁËş´ï¿¨¶û;;;;;;;;;;;;;x
b_talikota;´ïÀû¸ê´ï;;;;;;;;;;;;;x
b_sorapur;ËÕÀ­²¹ÂŞ;;;;;;;;;;;;;x
b_bagalkot;°Í¼Ó¶û¿ÆÌØ;;;;;;;;;;;;;x
c_srirangapatna;ÊÒÀûÀ¼Ù¤²¨¶àÄÇ;;;;;;;;;;;;;x
c_srirangapatna_adj;ÊÒÀûÀ¼Ù¤²¨¶àÄÇ;;;;;;;;;;;;;x
b_srirangapatna;ÊÒÀûÀ¼Ù¤²¨¶àÄÇ;;;;;;;;;;;;;x
b_shravanabelagola;Ê²ÂŞÍßÄÇ±´À­¸êÀ­;;;;;;;;;;;;;x
b_periyapatna;ÅåÀïÑÇÅÁÌáÄÉ;;;;;;;;;;;;;x
b_panasoge;²¨ÄÇË÷¸ê;;;;;;;;;;;;;x
b_nanjarayapattana;ÄÑ¼ÓÂŞÑÇÅÁÌáËşÄÉ;;;;;;;;;;;;;x
b_belapura;±´À­ÆÕÀ­;;;;;;;;;;;;;x
b_mysore;Ä¦Ë÷ÂŞ;;;;;;;;;;;;;x
c_talakad;¶àÂŞåÈ¶¼;;;;;;;;;;;;;x
c_talakad_adj;¶àÂŞåÈ¶¼;;;;;;;;;;;;;x
b_talakad;¶àÂŞåÈ¶¼;;;;;;;;;;;;;x
b_veppur;·ÍÆÕ¶û;;;;;;;;;;;;;x
b_somanathapura;ËÕÄ¦ÄÉËşÆÕÀ­;;;;;;;;;;;;;x
b_ummattur;ÎÚÄ¦Í¼¶û;;;;;;;;;;;;;x
b_sivasamudram;Ë¹·¥æ¶Ä²ÍÓÂŞÄ¦;;;;;;;;;;;;;x
b_kotagiri;¿ÆËş¼ªÀû;;;;;;;;;;;;;x
b_narasamangala;ÄÇÂŞÈöÂü¼ÓÀ­;;;;;;;;;;;;;x
b_nanjangud;ÄÏêù¹ÅÌá;;;;;;;;;;;;;x
c_manyapura;ÂüÒ®²¹ÂŞ;;;;;;;;;;;;;x
c_manyapura_adj;ÂüÒ®²¹ÂŞ;;;;;;;;;;;;;x
b_manyapura;ÂüÒ®²¹ÂŞ;;;;;;;;;;;;;x
b_aralaguppe;°¢ÂŞ¼Ó¹ÅÅå;;;;;;;;;;;;;x
b_turuvekere;Í¼Â³Î¤¿­À×;;;;;;;;;;;;;x
b_kikkeri;»ù¿ÆÀû;;;;;;;;;;;;;x
b_melukote;ÄªÂ³¿ËÌØ;;;;;;;;;;;;;x
b_govindanahalli;¸êÎÄµ¤ÄÉÚ­Àæ;;;;;;;;;;;;;x
b_basaralu;°ÍÈøÂŞÂå;;;;;;;;;;;;;x
c_nandagiri;ÄÑÍÓÉ½;;;;;;;;;;;;;x
c_nandagiri_adj;ÄÑÍÓÉ½;;;;;;;;;;;;;x
b_nandagiri;ÄÑÍÓÉ½;;;;;;;;;;;;;x
b_kuvalala;ğ¯ÍßÂŞ;;;;;;;;;;;;;x
b_avani;°¢ÍßÄá;;;;;;;;;;;;;x
b_kundani;À¥´ïÄá;;;;;;;;;;;;;x
b_nangali;ÄÏ¼ÓÀû;;;;;;;;;;;;;x
b_kurudumale;¿âÂ³¶ÅÄªÀû;;;;;;;;;;;;;x
b_mulavagil;ÄªÀ­Íß¼ª¶û;;;;;;;;;;;;;x
c_uchangidurga;ÓÅì¹êÈÍ»Ù¤;;;;;;;;;;;;;x
c_uchangidurga_adj;ÓÅì¹êÈÍ»Ù¤;;;;;;;;;;;;;x
b_uchangidurga;ÓÅì¹êÈÍ»Ù¤;;;;;;;;;;;;;x
b_parivi;ÅÁÀïÎ¬;;;;;;;;;;;;;x
b_hemavati;ºÕÄ¦ÍßµÙ;;;;;;;;;;;;;x
b_sira;ÎıÀ­;;;;;;;;;;;;;x
b_harihar;ºÕÀïºÕ¶û;;;;;;;;;;;;;x
b_chitradurga;¼ªµÂÀÕ¶Å¶û¼Ó;;;;;;;;;;;;;x
b_nidugallu;Äá¶Å¼ÓÂ¬;;;;;;;;;;;;;x
c_dwarasamudra;´¹ÂŞæ¶Ä²ÍÓÂŞ;;;;;;;;;;;;;x
c_dwarasamudra_adj;´¹ÂŞæ¶Ä²ÍÓÂŞ;;;;;;;;;;;;;x
b_dwarasamudra;´¹ÂŞæ¶Ä²ÍÓÂŞ;;;;;;;;;;;;;x
b_belur;±´Â¬¶û;;;;;;;;;;;;;x
b_sosavur;ËÕÈøÎÚ¶û;;;;;;;;;;;;;x
b_hassan;¹şÉ£;;;;;;;;;;;;;x
b_koravangala;¿ÆÂŞ·¥ÄÇ¼ÓÀ­;;;;;;;;;;;;;x
b_arasikere;°¢¶ûÎ÷¸ÇÀ×;;;;;;;;;;;;;x
b_javagallu;Éİ·¥¼ÓÂ¬;;;;;;;;;;;;;x
c_alampur;°¢À¶²¹ÂŞ;;;;;;;;;;;;;x
c_alampur_adj;°¢À¶²¹ÂŞ;alampurane;;;;;;;;;;;;x
b_alampur;°¢À¶²¹ÂŞ;;;;;;;;;;;;;x
b_gooty;¹ÅµÙ;;;;;;;;;;;;;x
b_kampili;¿²Æ¤Àû;;;;;;;;;;;;;x
b_hampi;ºº±È;;;;;;;;;;;;;x
b_adavani;°¢´ïÍßÄá;;;;;;;;;;;;;x
b_ittagi;ÒòËş¸ê;;;;;;;;;;;;;x
b_vijayanagara;ÅşÉİÒ®ÄÇÙ¤ÂŞ;;;;;;;;;;;;;x
c_idatarainadu;ÒÁÍÓ¶àÀ´ÄÃ¶¼;;;;;;;;;;;;;x
c_idatarainadu_adj;ÒÁÍÓ¶àÀ´ÄÃ¶¼;;;;;;;;;;;;;x
b_mudgal;ÄÂµÂ¸ñ¶û;;;;;;;;;;;;;x
b_gabburu;¼Ó²¼ÂŞ;;;;;;;;;;;;;x
b_raichur;Àµ¾Ã¶û;;;;;;;;;;;;;x
b_jaladurga;ÑÅÀ­¶Å¶û¼Ó;;;;;;;;;;;;;x
b_hemagudda;ºÉÄ¦¹Å´ï;;;;;;;;;;;;;x
b_kammatadurga;¿¨Ä·Ä¦Ëş¶Å¶û¼Ó;;;;;;;;;;;;;x
b_manvi;ÂüÎ¬;;;;;;;;;;;;;x
c_kudalasangama;¾ãÍÓÂŞÉ£Ù¤Ä¦;;;;;;;;;;;;;x
c_kudalasangama_adj;¾ãÍÓÂŞÉ£Ù¤Ä¦;;;;;;;;;;;;;x
b_kudalasangama;¾ãÍÓÂŞÉ£Ù¤Ä¦;;;;;;;;;;;;;x
b_koppam;¿ÆÅË;;;;;;;;;;;;;x
b_musangi;ÄÂÉ£¸ê;;;;;;;;;;;;;x
b_anegundi;°¢ÄÚ¹ÅÄáÌá;;;;;;;;;;;;;x
b_bagali;°Í¼ÓÀû;;;;;;;;;;;;;x
b_kuknur;ğ¯Å¬¶û;;;;;;;;;;;;;x
b_dambal;¶Ø°Í¶û;;;;;;;;;;;;;x
c_banavasi;ÆÅÄÃÆÅ´Í;;;;;;;;;;;;;x
c_banavasi_adj;ÆÅÄÃÆÅ´Í;banavasi;;;;;;;;;;;;x
b_vaijayanti;Íß¼ÓÑÓÌá;;;;;;;;;;;;;x
b_hangal;ºº¼Ó¶û;;;;;;;;;;;;;x
b_balligavi;°ÍÀï¼ÓÎ¬;;;;;;;;;;;;;x
b_vankapura;Íò¼ÓÆÕÀ­;;;;;;;;;;;;;x
b_lakkundi;À­À¥µÏ;;;;;;;;;;;;;x
b_candragutti;ì¹ÍÓÂŞ¹ÅÌá;;;;;;;;;;;;;x
b_kuruvatti;¿âÂ¬ÍßµÙ;;;;;;;;;;;;;x
b_ikkeri;ÒÁ¿­Àï;;;;;;;;;;;;;x
b_sringeri;Ë¹Áé¸ÇÀï;;;;;;;;;;;;;x
c_vatapi;·¥ÍÓÅş;;;;;;;;;;;;;x
c_vatapi_adj;·¥ÍÓÅş;;;;;;;;;;;;;x
b_vatapi;·¥ÍÓÅş;;;;;;;;;;;;;x
b_venugrama;·ÍÅ«Ù¤ÂŞÄ·;;;;;;;;;;;;;x
b_parasgad;ÅÁÀ­Ë¹åÈµÃ;;;;;;;;;;;;;x
b_aihole;°¢ºÕÀÕ;;;;;;;;;;;;;x
b_halasi;Ú­ÂŞË¹;;;;;;;;;;;;;x
b_dharwar;Ëş¶ûÍß¶û;;;;;;;;;;;;;x
c_acalapura;²»¶¯³Ç;;;;;;;;;;;;;x
c_acalapura_adj;²»¶¯³Ç;acalapurane;;;;;;;;;;;;x
b_acalapura;²»¶¯³Ç;;;;;;;;;;;;;x
b_narnala;ÄÉ¶ûÄÇÀ­;;;;;;;;;;;;;x
b_amravati;°¢ÂíÀ­ÍßµÙ;;;;;;;;;;;;;x
b_kalam;¼ÓÀ­Ä·;;;;;;;;;;;;;x
b_yavatmal;ÑÇÍßÌØÂí¶û;;;;;;;;;;;;;x
b_bhojapur;±È½ÜÆÕ¶û;;;;;;;;;;;;;x
c_ramagiri;ÂŞÄ¦êÈÀå;;;;;;;;;;;;;x
c_ramagiri_adj;ÂŞÄ¦êÈÀå;;;;;;;;;;;;;x
b_ramagiri;ÂŞÄ¦êÈÀå;;;;;;;;;;;;;x
b_pavnar;ÆÕÀ­ÄÉ;;;;;;;;;;;;;x
b_nandivardhana;ÄÑÌá°Ï´ïÄÇ;;;;;;;;;;;;;x
b_mansar;ÂüÉª¶û;;;;;;;;;;;;;x
c_kherla;»üØİÂŞ;;;;;;;;;;;;;x
c_kherla_adj;»üØİÂŞ;kherlane;;;;;;;;;;;;x
b_kherla;»üØİÂŞ;;;;;;;;;;;;;x
b_pachmarhi;²®½ÜÄ¬Àï;;;;;;;;;;;;;x
b_anjangaon;°²½ğ¸Ô;;;;;;;;;;;;;x
b_gawilghar;¸ñÎ¬¶û¸ñ¶û;;;;;;;;;;;;;x
c_canda;ì¹ÍÓ;;;;;;;;;;;;;x
c_canda_adj;ì¹ÍÓ;;;;;;;;;;;;;x
b_canda;ì¹ÍÓ;;;;;;;;;;;;;x
b_ballarpur;°ÍÀ­¶ûÆÕ¶û;;;;;;;;;;;;;x
b_nagbhid;ÄÉ¼ªÚ­µÂ;;;;;;;;;;;;;x
b_rajura;À­¾ÃÀ­;;;;;;;;;;;;;x
b_gadchiroli;¼ÓµÂÆæÂŞÀû;;;;;;;;;;;;;x
c_vairagara;·ÍÂŞÙ¤ÂŞ;;;;;;;;;;;;;x
c_vairagara_adj;·ÍÂŞÙ¤ÂŞ;vairagarane;;;;;;;;;;;;x
b_vairagara;·ÍÂŞÙ¤ÂŞ;;;;;;;;;;;;;x
b_bhandugara;°à¶È¼ÓÂŞ;;;;;;;;;;;;;x
b_cikamburika;Îı¸Ê²¼Àû¼Ó;;;;;;;;;;;;;x
b_gondia;¹±µÏÑÇ;;;;;;;;;;;;;x
c_goa;¹û°¢;;;;;;;;;;;;;x
c_goa_adj;¹û°¢;;;;;;;;;;;;;x
b_gopakapattana;¹ûÆÅåÈ°Ï¶àÄÇ;;;;;;;;;;;;;x
b_gheria;¸ÇÀïÑÇ;;;;;;;;;;;;;x
b_mathagram;ÂíÌØ¿¨ÂŞÄ·;;;;;;;;;;;;;x
b_kapardikadvipa;¼ÓÅÁ¶ûµ×¼ÓµÂ²¨;;;;;;;;;;;;;x
b_chandrapur;Ç®µÂÀ­²¼¶û;;;;;;;;;;;;;x
b_chitrakul;³àÌØÂŞ¿â¶û;;;;;;;;;;;;;x
c_thana;Ì´ÄÇ;;;;;;;;;;;;;x
c_thana_adj;Ì´ÄÇ;;;;;;;;;;;;;x
b_thana;Ì´ÄÇ;;;;;;;;;;;;;x
b_dabhol;´ï²©¶û;;;;;;;;;;;;;x
b_kanhagiri;¸ñÄá¹ş¼ªÀï;;;;;;;;;;;;;x
b_chaul;½¹¶û;;;;;;;;;;;;;x
b_mahim;ÂíÏ£Ä·;;;;;;;;;;;;;x
b_bassein;°ÍÉ­;;;;;;;;;;;;;x
b_janjira;½ğ¼ªÀ­;;;;;;;;;;;;;x
c_honnore;ºúÅ«Àæ;;;;;;;;;;;;;x
c_honnore_adj;ºúÅ«Àæ;honnorane;;;;;;;;;;;;x
b_honnore;ºúÅ«Àæ;;;;;;;;;;;;;x
b_bhatkal;°ÍÌØ¿¨¶û;;;;;;;;;;;;;x
b_gokarna;¸ê¿¨¶ûÄÉ;;;;;;;;;;;;;x
b_barkur;°Í¿â¶û;;;;;;;;;;;;;x
b_mookambika;Ä¦¸Ê±È¼Ó;;;;;;;;;;;;;x
b_karwar;¿¨Íß¶û;;;;;;;;;;;;;x
c_nasikya;ÄÇÊ¬Ò;;;;;;;;;;;;;x
c_nasikya_adj;ÄÇÊ¬Ò;;;;;;;;;;;;;x
b_nasikya;ÄÇÊ¬Ò;;;;;;;;;;;;;x
b_seunapura;ÈüÄÉ²¨ÂŞ;;;;;;;;;;;;;x
b_patta;ÅÁËş;;;;;;;;;;;;;x
b_saptashrungi;É³ÆÕËşÊ²Â×¼ª;;;;;;;;;;;;;x
b_ratangad;ÂŞµ¤¼Ó;;;;;;;;;;;;;x
b_igatpuri;ÒÁ¸ñµÂ²¼Àï;;;;;;;;;;;;;x
b_tryambaka;ÌØÂŞÑÇÄ·°Í¿¨;;;;;;;;;;;;;x
c_nandurbar;ÄÑİËÆÅÂŞ;;;;;;;;;;;;;x
c_nandurbar_adj;ÄÑİËÆÅÂŞ;nandurbarane;;;;;;;;;;;;x
b_nandurbar;ÄÑİËÆÅÂŞ;;;;;;;;;;;;;x
b_bhambhagiri;°ÍÄ·°Í¼ªÀû;;;;;;;;;;;;;x
b_chandor;ÉĞ¶à¶û;;;;;;;;;;;;;x
b_malegaon;ÂíÀ­¸ê¹±;;;;;;;;;;;;;x
b_songarh;ËÉ¼Ó¶û;;;;;;;;;;;;;x
b_sultanpur;ËÕÌ¹ÆÕ¶û;;;;;;;;;;;;;x
b_mayuragiri;ÂíÓÉÀ­¸ÇÀï;;;;;;;;;;;;;x
c_kondana;‘x³ÂÄÇ;;;;;;;;;;;;;x
c_kondana_adj;‘x³ÂÄÇ;kondanane;;;;;;;;;;;;x
b_kondana;‘x³ÂÄÇ;;;;;;;;;;;;;x
b_puna;ÆÕÄÉ;;;;;;;;;;;;;x
b_bhimashankara;±ÈõµÄ¦ÉÈ¼ÓÂŞ;;;;;;;;;;;;;x
b_chakan;²é¸Ê;;;;;;;;;;;;;x
b_junir;ÖìÄá¶û;;;;;;;;;;;;;x
b_raigad;À­¼ÓµÂ;;;;;;;;;;;;;x
b_purandar;ÆÕÀ¼´ïÂŞ;;;;;;;;;;;;;x
b_tikona;µÏ¸êÄÉ;;;;;;;;;;;;;x
b_rajmachi;À­¼ÓÂíÆæ;;;;;;;;;;;;;x
b_sudhagad;ËÕµÏºÉ¼ÓµÂ;;;;;;;;;;;;;x
c_devagiri;ÌáÆÅêÈÀå;;;;;;;;;;;;;x
c_devagiri_adj;ÌáÆÅêÈÀå;;;;;;;;;;;;;x
b_devagiri;ÌáÆÅêÈÀå;;;;;;;;;;;;;x
b_ellora;°£ÂåÀ­;;;;;;;;;;;;;x
b_khuldabad;¿â¶û´ï°ÍµÂ;;;;;;;;;;;;;x
b_grishneshwar;¸êÀûÊ²ÄÚÊªÍß¶û;;;;;;;;;;;;;x
b_sillod;ÎıÂåµÂ;;;;;;;;;;;;;x
b_vaijapur;ÍßÒÁ¼ÖÆÕ¶û;;;;;;;;;;;;;x
c_pratishthana;²¨ÂŞÌáÊªÌ´ÄÇ;;;;;;;;;;;;;x
c_pratishthana_adj;²¨ÂŞÌáÊªÌ´ÄÇ;;;;;;;;;;;;;x
b_pratishthana;²¨ÂŞÌáÊªÌ´ÄÇ;;;;;;;;;;;;;x
b_harishchandragad;¹şÀïÊÀ²éµÏÂŞ¼ÓµÂ;;;;;;;;;;;;;x
b_chambargonda;²é°Í¶û¹±´ï;;;;;;;;;;;;;x
b_patkapur;ÅÁÌá¼ÓÆÕ¶û;;;;;;;;;;;;;x
b_bhingar;Æ½¸ñ¶û;;;;;;;;;;;;;x
b_ahmednagar;°¬¹şÂõµÂÄÉ¸ñ¶û;;;;;;;;;;;;;x
c_vatsagulma;ÆÅõãöÄÂŞÄ¦;;;;;;;;;;;;;x
c_vatsagulma_adj;ÆÅõãöÄÂŞÄ¦;;;;;;;;;;;;;x
b_vatsagulma;ÆÅõãöÄÂŞÄ¦;;;;;;;;;;;;;x
b_jalna;¼Ö¶ûÄÉ;;;;;;;;;;;;;x
b_satgaon;Èø¶û¹±;;;;;;;;;;;;;x
b_lonar;ÂåÄÉ¶û;;;;;;;;;;;;;x
b_manora;ÂíÅµÀ­;;;;;;;;;;;;;x
b_nandura;ÄÏ¶ÅÂŞ;;;;;;;;;;;;;x
c_nanded;ÄÑµĞ;;;;;;;;;;;;;x
c_nanded_adj;ÄÑµĞ;;;;;;;;;;;;;x
b_nanded;ÄÑµĞ;;;;;;;;;;;;;x
b_aurad;°ÂÂŞµÂ;;;;;;;;;;;;;x
b_qandhar;¿²´ï¹ş;;;;;;;;;;;;;x
b_shelgaon;Ê©¶û¸Ô;;;;;;;;;;;;;x
b_pathri;ÅÁÌØÀï;;;;;;;;;;;;;x
b_parbhani;ÅÁ¶û²©ÑÇÄá;;;;;;;;;;;;;x
c_parnakheta;²¨ØİÄÇ¼ª¶à;;;;;;;;;;;;;x
c_parnakheta_adj;²¨ØİÄÇ¼ª¶à;;;;;;;;;;;;;x
b_parnakheta;²¨ØİÄÇ¼ª¶à;;;;;;;;;;;;;x
b_akola;°¢¿ÆÀ­;;;;;;;;;;;;;x
b_mahkar;Ä¦ºÕ¸ñ¶û;;;;;;;;;;;;;x
b_ambadapura;°Â°Í´ïÆÕÀ­;;;;;;;;;;;;;x
b_karanja;¿¨À¼¼Ö;;;;;;;;;;;;;x
b_buldhana;²¼¶ûµÏÑÇÄÉ;;;;;;;;;;;;;x
c_lattalura;ÂŞ¶àÂ¥ÂŞ;;;;;;;;;;;;;x
c_lattalura_adj;ÂŞ¶àÂ¥ÂŞ;;;;;;;;;;;;;x
b_lattalura;ÂŞ¶àÂ¥ÂŞ;;;;;;;;;;;;;x
b_bir;±È¶û;;;;;;;;;;;;;x
b_barshi;°Í¶ûË¹Ï£;;;;;;;;;;;;;x
b_udgir;ÎÚµÂ¼ª¶û;;;;;;;;;;;;;x
b_tagara;Ëş¼ÓÀ­;;;;;;;;;;;;;x
b_darur;´ïÂ³¶û;;;;;;;;;;;;;x
c_naldurg;ÄÇÂŞÍ»Ù¤;;;;;;;;;;;;;x
c_naldurg_adj;ÄÇÂŞÍ»Ù¤;naldurgane;;;;;;;;;;;;x
b_naldurg;ÄÇÂŞÍ»Ù¤;;;;;;;;;;;;;x
b_sonnalagi;ËÉÄÉÀ­¼ª;;;;;;;;;;;;;x
b_tuljapur;Í¼¶û¼ÖÆÕ¶û;;;;;;;;;;;;;x
b_paranda;ÅÁÀ¼´ï;;;;;;;;;;;;;x
b_karmala;¿¨¶ûÂíÀ­;;;;;;;;;;;;;x
b_dharaseo;´ïÀ­Ë¹;;;;;;;;;;;;;x
c_kolhapur;‘xÂŞÚ­²¹ÂŞ;;;;;;;;;;;;;x
c_kolhapur_adj;‘xÂŞÚ­²¹ÂŞ;;;;;;;;;;;;;x
b_kolhapur;‘xÂŞÚ­²¹ÂŞ;;;;;;;;;;;;;x
b_kurundaka;¿âÂ×Ëş¿Ë;;;;;;;;;;;;;x
b_karahataka;¿¨À­ºÉËş¿Ë;;;;;;;;;;;;;x
b_pranala;ÆÕÂŞÄÉÀ­;;;;;;;;;;;;;x
b_satara;Èø´ïÀ­;;;;;;;;;;;;;x
b_manapura;ÂíÄÉÆÕÀ­;;;;;;;;;;;;;x
b_miraj;Ã×ÀÕ½Ü;;;;;;;;;;;;;x
c_taradavadi;¶àÂŞÍÓÆÅëÕ;;;;;;;;;;;;;x
c_taradavadi_adj;¶àÂŞÍÓÆÅëÕ;;;;;;;;;;;;;x
b_taradavadi;¶àÂŞÍÓÆÅëÕ;;;;;;;;;;;;;x
b_viyapura;Î¬ÑÇÆÕÀ­;;;;;;;;;;;;;x
b_saundatti;É£´ïÌØ;;;;;;;;;;;;;x
b_hastikundi;¹şË¹ÌØÀ¥µÏ;;;;;;;;;;;;;x
b_pandharpur;ÅË´ï¶ûÆÕ¶û;;;;;;;;;;;;;x
b_sangole;É£¸ñ°ÂÀ³;;;;;;;;;;;;;x
c_vengipura;Æ¿êÈÂŞ;;;;;;;;;;;;;x
c_vengipura_adj;Æ¿êÈÂŞ;vengipurane;;;;;;;;;;;;x
b_vengipura;Æ¿êÈÂŞ;;;;;;;;;;;;;x
b_eluru;°¬Â³Â¬;;;;;;;;;;;;;x
b_dwarakatirumala;´ïÍßÀ­¿¨µÙÂ³ÂíÀ­;;;;;;;;;;;;;x
b_kondapalli;¹±µÂ²®À³;;;;;;;;;;;;;x
b_palakollu;ÅÁÀ­¿ÆÂ³;;;;;;;;;;;;;x
b_bandarulanka;°à´ïÂ³À¼¿¨;;;;;;;;;;;;;x
b_narasapuram;ÄÉÀÕÉª²¼¶ûÄ·;;;;;;;;;;;;;x
c_vijayawada;ÅşÉİÒ®ÆÅÍÓ;;;;;;;;;;;;;x
c_vijayawada_adj;ÅşÉİÒ®ÆÅÍÓ;vijayawadane;;;;;;;;;;;;x
b_vijayawada;ÅşÉİÒ®ÆÅÍÓ;;;;;;;;;;;;;x
b_kondavidu;¿×´ïÎ¬¶Å;;;;;;;;;;;;;x
b_chebrolu;Çğ²¼ÂŞ¶û;;;;;;;;;;;;;x
b_masula;Ä¦ËÕÀ­;;;;;;;;;;;;;x
b_guntur;¹±ÍÁ¶û;;;;;;;;;;;;;x
b_peddapalli;Åå´ïÅÁ¶ûÀû;;;;;;;;;;;;;x
c_pithapuram;Åş¶à²¹ÂŞ;;;;;;;;;;;;;x
c_pithapuram_adj;Åş¶à²¹ÂŞ;pithapurame;;;;;;;;;;;;x
b_pithapuram;Åş¶à²¹ÂŞ;;;;;;;;;;;;;x
b_mandapeta;Âü´ïÅåËş;;;;;;;;;;;;;x
b_draksharama;´ï¿¨É²À­Âê;;;;;;;;;;;;;x
b_somarama;ËÕÂíÀ­Âê;;;;;;;;;;;;;x
b_samalkota;ÈøÂí¶û¿ÆËş;;;;;;;;;;;;;x
b_kakinada;¿¨»ùÄÉ´ï;;;;;;;;;;;;;x
c_rajamahendravaram;ÂŞê^Ä¦ÏÔÍÓÂŞÆÅÀ¶;;;;;;;;;;;;;x
c_rajamahendravaram_adj;ÂŞê^Ä¦ÏÔÍÓÂŞÆÅÀ¶;;;;;;;;;;;;;x
b_rajamahendravaram;ÂŞê^Ä¦ÏÔÍÓÂŞÆÅÀ¶;;;;;;;;;;;;;x
b_kuwakonda;¿âÍß¹±¶à;;;;;;;;;;;;;x
b_dantewada;´ï¶÷Ì©Íß´ï;;;;;;;;;;;;;x
b_kirandul;»ùÀ¼¶Å¶û;;;;;;;;;;;;;x
b_barsoor;°ØË÷¶û;;;;;;;;;;;;;x
c_udayagiri;ÓÅÍÓÒ®êÈÀå;;;;;;;;;;;;;x
c_udayagiri_adj;ÓÅÍÓÒ®êÈÀå;;;;;;;;;;;;;x
b_udayagiri;ÓÅÍÓÒ®êÈÀå;;;;;;;;;;;;;x
b_srisailam;Ë¹ÀïÈüÀ­Ä·;;;;;;;;;;;;;x
b_vallurapura;Î¬Â³À­ÆÕÀ­;;;;;;;;;;;;;x
b_nandyal;ÄÉ¶÷µÏÑÇ¶û;;;;;;;;;;;;;x
b_sriparvata;Ë¹ÀïÅÁ¶ûÎ¬¶à;;;;;;;;;;;;;x
b_gandikota;¸ÊµØ¿ÆËş;;;;;;;;;;;;;x
b_mahanandi;Âí¹şÄÇµÏ;;;;;;;;;;;;;x
b_kanipakam;¼ÖÄáÅÁ¿¨Ä·;;;;;;;;;;;;;x
c_amaravati;°¢Ä¦ÂŞÆÅÌá;;;;;;;;;;;;;x
c_amaravati_adj;°¢Ä¦ÂŞÆÅÌá;;;;;;;;;;;;;x
b_amaravati;°¢Ä¦ÂŞÆÅÌá;;;;;;;;;;;;;x
b_vinukonda;Î¬Å¬¹±´ï;;;;;;;;;;;;;x
b_dhanyakataka;´ïÄáÑÇ¼ÓËş¿¨;;;;;;;;;;;;;x
b_macherla;ÂíÇĞ¶ûÀ­;;;;;;;;;;;;;x
b_gurazala;¹ÅÂŞÔúÀ­;;;;;;;;;;;;;x
b_kotappakonda;¿ÆËşÅÁ¹±´ï;;;;;;;;;;;;;x
b_ahobalam;°¢ºÕ°ÍÀ­Ä·;;;;;;;;;;;;;x
c_penugonda;ÅşÅ«‘xÍÓ;;;;;;;;;;;;;x
c_penugonda_adj;ÅşÅ«‘xÍÓ;;;;;;;;;;;;;x
b_penugonda;ÅşÅ«‘xÍÓ;;;;;;;;;;;;;x
b_suragiri;ËÕÀ­»ùÀï;;;;;;;;;;;;;x
b_anantapur;°¢ÄÛ´ï²¼¶û;;;;;;;;;;;;;x
b_togarakunta;Í¼¼ÓÀ­À¥´ï;;;;;;;;;;;;;x
b_gurramkonda;¹ÅÀÕÄ·¹±´ï;;;;;;;;;;;;;x
b_rayadurgam;À­ÑÇµÂ¼ÓÄ·;;;;;;;;;;;;;x
b_uravakonda;ÎÚÀÕÎÖ¹±´ï;;;;;;;;;;;;;x
b_lepakshi;À³ÅÁ¿ÆÊ²;;;;;;;;;;;;;x
c_nellore;ÄÚÂ¬Â¥;;;;;;;;;;;;;x
c_nellore_adj;ÄÚÂ¬Â¥;nellore;;;;;;;;;;;;x
b_nellore;ÄÚÂ¬Â¥;;;;;;;;;;;;;x
b_kandukura;¿²¶Å¹ÅÀ­;;;;;;;;;;;;;x
b_addanki;°¢µÇ¼ª;;;;;;;;;;;;;x
b_tripurantakam;ÌØÀïÆÕÂ×Ëş¸Ê;;;;;;;;;;;;;x
b_gundigapuri;À¥µÏ¼ÖÆÕÀï;;;;;;;;;;;;;x
b_mutapali;ÄÂËşÅÁÀï;;;;;;;;;;;;;x
c_orangallu;ÎÚÀ¼Ù¤Â¥;;;;;;;;;;;;;x
c_orangallu_adj;ÎÚÀ¼Ù¤Â¥;;;;;;;;;;;;;x
b_warangal;ÍßÀÊ¼Ó¶û;;;;;;;;;;;;;x
b_palampet;ÅÁÀ­Ä·ÅåÌØ;;;;;;;;;;;;;x
b_kothakonda;¿ÆËş¹±´ï;;;;;;;;;;;;;x
b_anumakonda;°¢Å¬Âê¹±´ï;;;;;;;;;;;;;x
b_molangoor;Ä¦À¼¸ñ¶û;;;;;;;;;;;;;x
b_bhadrakali;ÆÕµÂÂå¼ÓÀû;;;;;;;;;;;;;x
c_kambampet;½£èóÅşÌá;;;;;;;;;;;;;x
c_kambampet_adj;½£èóÅşÌá;;;;;;;;;;;;;x
b_kambampet;½£èóÅşÌá;;;;;;;;;;;;;x
b_bhadrachalam;°ÍµÂÀ­Ç¡À­Ä·;;;;;;;;;;;;;x
b_nelakondapalli;ÄÚÀ­¿µ´ïÅÁÀû;;;;;;;;;;;;;x
b_penuballi;ÅåÅ¬°ÍÀû;;;;;;;;;;;;;x
b_suryapet;ËÕÀïÑÇÅåÌØ;;;;;;;;;;;;;x
b_madupalli;Âí¶ÅÅÁÀû;;;;;;;;;;;;;x
b_shahpura;É³ÆÕÀ­;;;;;;;;;;;;;x
c_vemulavada;·ÍÄ²ÂŞÆÅ¶à;;;;;;;;;;;;;x
c_vemulavada_adj;·ÍÄ²ÂŞÆÅ¶à;;;;;;;;;;;;;x
b_vemulavada;·ÍÄ²ÂŞÆÅ¶à;;;;;;;;;;;;;x
b_kaulas;¿¼À­Ë¹;;;;;;;;;;;;;x
b_kaleshwaram;¿¨ÀÕÊ²ÍßÀ­Ä·;;;;;;;;;;;;;x
b_indur;Òò¶Å¶û;;;;;;;;;;;;;x
b_ramgarh;À¼Ä·Ù¤;;;;;;;;;;;;;x
b_potali;²©ËşÀû;;;;;;;;;;;;;x
c_balkonda;ÆÅÂŞ‘xÍÓ;;;;;;;;;;;;;x
c_balkonda_adj;ÆÅÂŞ‘xÍÓ;;;;;;;;;;;;;x
b_balkonda;ÆÅÂŞ‘xÍÓ;;;;;;;;;;;;;x
b_mahur;ÂêºÕ¶û;;;;;;;;;;;;;x
b_basara;°ÍÈøÀ­;;;;;;;;;;;;;x
b_nirmal;Äá¶ûÄ¬¶û;;;;;;;;;;;;;x
b_manikdurg;ÂüÄá¿Æ¶Å¸ê;;;;;;;;;;;;;x
b_dharmapuri;ÌØ¶ûÄ¬²¼Àï;;;;;;;;;;;;;x
c_racakonda;ÂŞÕÚ‘xÍÓ;;;;;;;;;;;;;x
c_racakonda_adj;ÂŞÕÚ‘xÍÓ;;;;;;;;;;;;;x
b_racakonda;ÂŞÕÚ‘xÍÓ;;;;;;;;;;;;;x
b_bhuvanagiri;²¼ÍßÄÉ¼ªÀï;;;;;;;;;;;;;x
b_manchal;Âí²é¶û;;;;;;;;;;;;;x
b_yadagirigutta;Ò®´ï¼ªÀï¹ÅÌØËş;;;;;;;;;;;;;x
c_nilagiri;ºÚÇğ;;;;;;;;;;;;;x
c_nilagiri_adj;ºÚÇğ;;;;;;;;;;;;;x
b_nilagiri;ºÚÇğ;;;;;;;;;;;;;x
b_avulagadda;°¢Å¬À­¼Ö´ï;;;;;;;;;;;;;x
b_panagallu;ÅË¼ÓÂå;;;;;;;;;;;;;x
b_maheshwaram;ÂíºÕÊ²ÍßÀ¼;;;;;;;;;;;;;x
b_devarakonda;ÌáÍßÀ­¿Æ¶÷´ï;;;;;;;;;;;;;x
b_vadapally;Íß´ïÅÁÀï;;;;;;;;;;;;;x
c_pannagallu;°ãÄÇÙ¤Â¥;;;;;;;;;;;;;x
c_pannagallu_adj;°ãÄÇÙ¤Â¥;;;;;;;;;;;;;x
b_pannagallu;°ãÄÇÙ¤Â¥;;;;;;;;;;;;;x
b_nagarkurnool;ÄÉ¼Ó¶û¿â¶ûÅµ°Â¶û;;;;;;;;;;;;;x
b_charakonda;²éÀ­¹±´ï;;;;;;;;;;;;;x
b_mutudugu;ÄÂÍ¼¶Å¹Å;;;;;;;;;;;;;x
b_ghanpur;ººÆÕ¶û;;;;;;;;;;;;;x
c_medak;ÃÖÍÓåÈ;;;;;;;;;;;;;x
c_medak_adj;ÃÖÍÓåÈ;;;;;;;;;;;;;x
b_medak;ÃÖÍÓåÈ;;;;;;;;;;;;;x
b_domakonda;¶ÅÂê¹±´ï;;;;;;;;;;;;;x
b_kohir;¿ÆºÕ¶û;;;;;;;;;;;;;x
b_mardi;ÂêµØ;;;;;;;;;;;;;x
b_ananthagiri;°¢ÄÛÌØ¹ş»ùÀû;;;;;;;;;;;;;x
c_kollipake;‘xÀæ²¨»ü;;;;;;;;;;;;;x
c_kollipake_adj;‘xÀæ²¨»ü;;;;;;;;;;;;;x
b_kollipake;‘xÀæ²¨»ü;;;;;;;;;;;;;x
b_karmanghat;¿¨¶ûÂü¹şÌØ;;;;;;;;;;;;;x
b_golkonda;¸ê¶û¹±´ï;;;;;;;;;;;;;x
b_chilkur_balaji;³à¿â¶û°ÍÀ­¼ª;;;;;;;;;;;;;x
b_devaryamjal;µÂÍß¶ûÑÇ¼ÓÀû;;;;;;;;;;;;;x
c_sripuri;ÊÒÀû²¹Àæ;;;;;;;;;;;;;x
c_sripuri_adj;ÊÒÀû²¹Àæ;;;;;;;;;;;;;x
b_sripuri;ÊÒÀû²¹Àæ;;;;;;;;;;;;;x
b_rajiva_lochana;ÂŞêÈ·¥Â¬²éÄÇ;;;;;;;;;;;;;x
b_nuapada;Å¬ÍßÅÁ´ï;;;;;;;;;;;;;x
b_bagbahara;°Í¸ñ°Í¹şÀ­;;;;;;;;;;;;;x
b_basna;°ÍË¹ÄÉ;;;;;;;;;;;;;x
c_rayapura;ÂŞÒ®²¹ÂŞ;;;;;;;;;;;;;x
c_rayapura_adj;ÂŞÒ®²¹ÂŞ;;;;;;;;;;;;;x
b_rayapura;ÂŞÒ®²¹ÂŞ;;;;;;;;;;;;;x
b_rajim;À­»ùÄ·;;;;;;;;;;;;;x
b_shivapura;Ê²ÍßÆÕÀ­;;;;;;;;;;;;;x
b_shivadurga;Ê²Íß¶Å¶û¼Ó;;;;;;;;;;;;;x
b_nandgram;ÄÏ¶Å¸ñÀ­Ä·;;;;;;;;;;;;;x
c_suvarnapura;ËÕ·¥ØİÄÇ²¹ÂŞ;;;;;;;;;;;;;x
c_suvarnapura_adj;ËÕ·¥ØİÄÇ²¹ÂŞ;;;;;;;;;;;;;x
b_suvarnapura;ËÕ·¥ØİÄÇ²¹ÂŞ;;;;;;;;;;;;;x
b_kalahandi;¿¨À­ººµÏ;;;;;;;;;;;;;x
b_yajatinagara;ÑÇÑÅÌáÄÇ¼ÓÂŞ;;;;;;;;;;;;;x
b_vinitapura;Î¬Äá¶àÆÕÀ­;;;;;;;;;;;;;x
b_agalpur;°¢¸ê¶û²¼¶û;;;;;;;;;;;;;x
b_patna;°ÍÌØÄÇ;;;;;;;;;;;;;x
b_bargarh;²®¶û¸ñ¶û;;;;;;;;;;;;;x
c_sambalpur;ÈıÆÅÂŞ²¹ÂŞ;;;;;;;;;;;;;x
c_sambalpur_adj;ÈıÆÅÂŞ²¹ÂŞ;sambalpurane;;;;;;;;;;;;x
b_sambalpur;ÈıÆÅÂŞ²¹ÂŞ;;;;;;;;;;;;;x
b_ranipur;À­ÄáÆÕ¶û;;;;;;;;;;;;;x
b_samaleswari;É³Ä¦ÀÕË¹ÍßÀï;;;;;;;;;;;;;x
b_rajgangpur;ÂŞ¼Ó¸ÔÆÕ¶û;;;;;;;;;;;;;x
b_bimaleswar;±ÈÄ¦ÀÕË¹Íß¶û;;;;;;;;;;;;;x
b_maneswar;Ä¦ÄáË¹Íß¶û;;;;;;;;;;;;;x
c_kiranapura;ÈÕ¹â³Ç;;;;;;;;;;;;;x
c_kiranapura_adj;ÈÕ¹â³Ç;;;;;;;;;;;;;x
b_kiranapura;ÈÕ¹â³Ç;;;;;;;;;;;;;x
b_balaghat;°ÍÀ­¼ÓÌØ;;;;;;;;;;;;;x
b_lanji;À¼»ù;;;;;;;;;;;;;x
c_kataka;Ù¤¶àåÈ;;;;;;;;;;;;;x
c_kataka_adj;Ù¤¶àåÈ;katakane;;;;;;;;;;;;x
b_katak;Ù¤¶àåÈ;;;;;;;;;;;;;x
b_bhubaneswar;²¼°ÍÄÚË¹Íß¶û;;;;;;;;;;;;;x
b_dhauli;ÌÕÀû;;;;;;;;;;;;;x
b_athgarh;°¢ÌØ¸ñ¶û;;;;;;;;;;;;;x
b_sarala;É³ÂŞÀ­;;;;;;;;;;;;;x
b_sakshigopal;É³¿ÆÊ²öÄÅÁ¶û;;;;;;;;;;;;;x
c_viraja;ÅşÂŞÉİ;;;;;;;;;;;;;x
c_viraja_adj;ÅşÂŞÉİ;;;;;;;;;;;;;x
b_viraja;ÅşÂŞÉİ;;;;;;;;;;;;;x
b_raibania;À­°ÍÄáÑÇ;;;;;;;;;;;;;x
b_mahavinayak;Ä¦¹şÎ¬ÑÇÄÉ¿Æ;;;;;;;;;;;;;x
b_bhadrak;°ÍµÂÀ­¿Ë;;;;;;;;;;;;;x
b_anandpur;°¢ÄÛµÂ²¼¶û;;;;;;;;;;;;;x
b_soro;Ë÷ÂŞ;;;;;;;;;;;;;x
b_baleshvara;°ÍÀÕÊ²ÍßÂŞ;;;;;;;;;;;;;x
c_khinjali_mandala;½÷ÉİÀæÂüÍÓÂŞ;;;;;;;;;;;;;x
c_khinjali_mandala_adj;½÷ÉİÀæ;;;;;;;;;;;;;x
b_khinjali;½÷ÉİÀæ;;;;;;;;;;;;;x
b_nilamadhav;ÄáÀ­Ä¦;;;;;;;;;;;;;x
b_nayagarh;ÄÉÒ®¼Ó¶û;;;;;;;;;;;;;x
b_baramba;°ÍÀ¼°Í;;;;;;;;;;;;;x
c_kodalaka_mandala;‘xÍÓÂŞåÈÂüÍÓÂŞ;;;;;;;;;;;;;x
c_kodalaka_mandala_adj;‘xÍÓÂŞåÈ;kodalaka;;;;;;;;;;;;x
b_kodalaka;‘xÍÓÂŞåÈ;;;;;;;;;;;;;x
b_bajrakot;°Í¼ÓÂŞ¿ÆËş;;;;;;;;;;;;;x
b_deogarh;´ú°Â¸ñ¶û;;;;;;;;;;;;;x
b_talcher;Ëş¶ûÇĞ¶û;;;;;;;;;;;;;x
b_dhenkanal;µÇ¿¨ÄÉ¶û;;;;;;;;;;;;;x
b_kapilash;¿¨ÅåÀ­Ê²;;;;;;;;;;;;;x
b_joranda_gadhi;»ùÀ¼´ï¼ÓµÏ;;;;;;;;;;;;;x
b_karamul;¿¨À­ÄÂ¶û;;;;;;;;;;;;;x
c_khijjingakota;¼ªì½Ù¤¾Ğ¶à;;;;;;;;;;;;;x
c_khijjingakota_adj;¼ªì½Ù¤¾Ğ¶à;;;;;;;;;;;;;x
b_khijjinga;¼ªì½Ù¤;;;;;;;;;;;;;x
b_asanapat;°¢É£ÄÉÅÁÌá;;;;;;;;;;;;;x
b_sitabhinji;Ë¹Ëş±ö»ù;;;;;;;;;;;;;x
b_kirianagar;¼ªÀï°²ÄÉ¼Ó¶û;;;;;;;;;;;;;x
b_bahalda;²®ºÕ¶û´ï;;;;;;;;;;;;;x
b_baripada;°ÍÀïÅÁ´ï;;;;;;;;;;;;;x
b_ghatagaon;¼ÖËş¼Ó°º;;;;;;;;;;;;;x
c_puri;²¹Àæ;;;;;;;;;;;;;x
c_puri_adj;²¹Àæ;;;;;;;;;;;;;x
b_puri;²¹Àæ;;;;;;;;;;;;;x
b_buguda;²¼¹Å´ï;;;;;;;;;;;;;x
b_jaugada;¼Ö¸ê´ï;;;;;;;;;;;;;x
b_aska;°¢Ë¹¼Ó;;;;;;;;;;;;;x
b_ganjam;¸Ê¼ÖÄ·;;;;;;;;;;;;;x
b_taratarini;ËşÀ­ËşÀïÄá;;;;;;;;;;;;;x
b_gopalpur;‘x²¨ÂŞ²¹ÂŞ;;;;;;;;;;;;;x
c_swetaka_mandala;É¯¶àåÈÂüÍÓÂŞ;;;;;;;;;;;;;x
c_swetaka_mandala_adj;É¯¶àåÈ;;;;;;;;;;;;;x
b_swetakapura;É¯¶àåÈ³Ç;;;;;;;;;;;;;x
b_rayagada;ÂŞÒ®åÈÍÓ;;;;;;;;;;;;;x
b_umerkote;ÓôßãÀû‘xÚĞ;;;;;;;;;;;;;x
b_badakhemundi;ÆÅÍÓÒÕÃÉÌá;;;;;;;;;;;;;x
c_kalinganagar;ôÉÁêÙ¤³Ç;;;;;;;;;;;;;x
c_kalinganagar_adj;ôÉÁêÙ¤³Ç;;;;;;;;;;;;;x
b_mandasa;ÂüÍÓæ¶;;;;;;;;;;;;;x
b_kalinganagara;ôÉÁêÙ¤³Ç;;;;;;;;;;;;;x
b_kalingapattanam;ôÉÁêÙ¤²¨¶àÄÇ;;;;;;;;;;;;;x
b_srikurmam;ÊÒÀû¾ãÀûÃÉ;;;;;;;;;;;;;x
b_srikakulam;ÊÒÀûåÈ¾ãÀ¶;;;;;;;;;;;;;x
c_vizagipatam;Åşæ¶åÈ²¨¶àÄÇ;;;;;;;;;;;;;x
c_vizagipatam_adj;Åşæ¶åÈ²¨¶àÄÇ;vizagipatam;;;;;;;;;;;;x
b_vizagipatam;Åşæ¶åÈ²¨¶àÄÇ;;;;;;;;;;;;;x
b_simhachalam;Ê¨ì¹À¶;;;;;;;;;;;;;x
b_anakapalle;°¢ÄÇåÈ²¨ÂŞÀÕ;;;;;;;;;;;;;x
b_kotipalli;‘xÌá²¨ÂŞÀæ;;;;;;;;;;;;;x
b_bavikonda;ÆÅÅş‘xÍÓ;;;;;;;;;;;;;x
b_bheemunipatnam;·ÍÒÄÄ²Äá°ÏÄÏ;;;;;;;;;;;;;x
c_cakrakuta;ÕÚåÈÂŞğ¯¶à;;;;;;;;;;;;;x
c_cakrakuta_adj;ÕÚåÈÂŞğ¯¶à;;;;;;;;;;;;;x
b_cakrakuta;ÕÚåÈÂŞğ¯¶à;;;;;;;;;;;;;x
b_jagdalpur;ê^åÈÍÓÂŞ³Ç;;;;;;;;;;;;;x
b_kanker;½¨ÒÕÂŞ;;;;;;;;;;;;;x
c_barasuru;ÆÅÂŞĞëÂ¬;;;;;;;;;;;;;x
c_barasuru_adj;ÆÅÂŞĞëÂ¬;barasuru;;;;;;;;;;;;x
b_barasuru;ÆÅÂŞĞëÂ¬;;;;;;;;;;;;;x
c_nandapur;ÄÑÍÓ³Ç;;;;;;;;;;;;;x
c_nandapur_adj;ÄÑÍÓ³Ç;;;;;;;;;;;;;x
b_nandapur;ÄÑÍÓ³Ç;;;;;;;;;;;;;x
b_dharamgarh;´ïÄ¦åÈÂŞ;;;;;;;;;;;;;x
b_koraput;‘xÂŞ¸»¶à;;;;;;;;;;;;;x
b_junagarh;ÖÜÄÇåÈÂŞ;;;;;;;;;;;;;x
b_jeypore;µoÒ®³Ç;;;;;;;;;;;;;x
c_tripuri;µÛÀû³Ç;;;;;;;;;;;;;x
c_tripuri_adj;µÛÀû³Ç;tripuri;;;;;;;;;;;;x
b_tripuri;µÛÀû³Ç;;;;;;;;;;;;;x
b_mandla;ÃÅÍÓÂŞ;;;;;;;;;;;;;x
b_garha;åÈÂŞÚ­;;;;;;;;;;;;;x
c_chauragarh;ÔåÂŞåÈÂŞ;;;;;;;;;;;;;x
c_chauragarh_adj;ÔåÂŞåÈÂŞ;;;;;;;;;;;;;x
b_chauragarh;ÔåÂŞåÈÂŞ;;;;;;;;;;;;;x
b_bohani;ÆĞÚ­Äá;;;;;;;;;;;;;x
b_barman;ÆÅÂŞÂü;;;;;;;;;;;;;x
c_bandhugadha;°ã¶¼åÈÍÓ;;;;;;;;;;;;;x
c_bandhugadha_adj;°ã¶¼åÈÍÓ;bandhugadhane;;;;;;;;;;;;x
b_bandhugadha;°ã¶¼åÈÍÓ;;;;;;;;;;;;;x
b_shahdol;É³ºÕ¶à¶û;;;;;;;;;;;;;x
b_virateshwar;ÅşÂŞµÙÊ¬ÆÅÂŞ;;;;;;;;;;;;;x
b_bahoriband;ÆÅºôÀû°ãÍÓ;;;;;;;;;;;;;x
c_tummana;¶¼Ä¦ÄÇ;;;;;;;;;;;;;x
c_tummana_adj;¶¼Ä¦ÄÇ;;;;;;;;;;;;;x
b_tummana;¶¼Ä¦ÄÇ;;;;;;;;;;;;;x
b_amarkantak;°¢Ä¦ÂŞ¸É´ï;;;;;;;;;;;;;x
b_manendragarh;Ä¦ÄÚÄÇÍÓÂŞåÈÂŞ;;;;;;;;;;;;;x
c_ratanpur;ÂŞÌ´³Ç;;;;;;;;;;;;;x
c_ratanpur_adj;ÂŞÌ´³Ç;;;;;;;;;;;;;x
b_ratanpur;ÂŞÌ´³Ç;;;;;;;;;;;;;x
b_saravpur;æ¶ÂŞÆÅ³Ç;;;;;;;;;;;;;x
b_savarinarayana;æ¶ÆÅÀûÄÇÂŞÑÜÄÇ;;;;;;;;;;;;;x
c_bikrampur;ÍşµÂ³Ç;;;;;;;;;;;;;x
c_bikrampur_adj;ÍşµÂ³Ç;;;;;;;;;;;;;x
b_bikrampur;ÍşµÂ³Ç;;;;;;;;;;;;;x
b_sutrapur;ĞëÍÓÂŞ³Ç;;;;;;;;;;;;;x
b_dhakeshwari_jatiya_mandir;´ï¿¨Å®ÉñÃí;;;;;;;;;;;;;x
b_loricol;ÂÜÀò¿Ø;;;;;;;;;;;;;x
b_shakhari_bazar;ÊÍÚ­ÀûÊĞ¼¯;;;;;;;;;;;;;x
b_hajiganj;Ú­êÈêùê^;;;;;;;;;;;;;x
c_kumara_mandala;ğ¯Ä¦ÂŞÂüÍÓÂŞ;;;;;;;;;;;;;x
c_kumara_mandala_adj;ğ¯Ä¦ÂŞ;;;;;;;;;;;;;x
b_kumarakhali;ğ¯Ä¦ÂŞ¿¨Àæ;;;;;;;;;;;;;x
b_fathabad;·¨ÌØºÕ°ÍµÂ;;;;;;;;;;;;;x
b_ekdala;ÒÄåÈÍÓÂŞ;;;;;;;;;;;;;x
b_katasgarh;åÈ¶àæ¶Ù¤ÂŞ;;;;;;;;;;;;;x
c_candradvipa;ÔÂÖŞ;;;;;;;;;;;;;x
c_candradvipa_adj;ÔÂÖŞ;candradvipane;;;;;;;;;;;;x
b_candradvipa;ÔÂÖŞ;;;;;;;;;;;;;x
b_khulna;ÇğÂŞÄÇ;;;;;;;;;;;;;x
b_sathkira;ÈøÚ­¼ªÂŞ;;;;;;;;;;;;;x
b_bagerhat;°Í¸ñ¹şÌØ;;;;;;;;;;;;;x
b_bakarganj;²¨åÈÂŞêùê^;;;;;;;;;;;;;x
c_samatata;ÈıÄ¦…ìß¸;;;;;;;;;;;;;x
c_samatata_adj;ÈıÄ¦…ìß¸;;;;;;;;;;;;;x
b_devaparvata;ÌáÆÅ²¨ÂŞÆÅ¶à;;;;;;;;;;;;;x
b_chatigama;ì¹ÌáåÈÄ¦;;;;;;;;;;;;;x
b_candranatha;ì¹ÍÓÂŞÄÇ¶à;;;;;;;;;;;;;x
c_karmanta;ôÉÂü¶à;;;;;;;;;;;;;x
c_karmanta_adj;ôÉÂü¶à;;;;;;;;;;;;;x
b_karmanta;ôÉÂü¶à;;;;;;;;;;;;;x
b_mainamati;Ã·ÄÇÄ¦Ìá;;;;;;;;;;;;;x
b_unakoti;ÓôÄÇ‘xÌá;;;;;;;;;;;;;x
b_udaipur;ÎÚ´úÆÕ¶û;;;;;;;;;;;;;x
c_madhupur;Ä¦İË³Ç;;;;;;;;;;;;;x
c_madhupur_adj;Ä¦İË³Ç;;;;;;;;;;;;;x
b_madhupur;Ä¦İË³Ç;;;;;;;;;;;;;x
b_pabna;²¨ÆÅÄÇ;;;;;;;;;;;;;x
b_bogra;ÆĞåÈÂŞ;;;;;;;;;;;;;x
b_baghabarihat;ÆÅåÈÆÅÀûÚ­;;;;;;;;;;;;;x
c_pundravardhana;±¼ÄÇ·¥µ¯ÄÇ;;;;;;;;;;;;;x
c_pundravardhana_adj;±¼ÄÇ·¥µ¯ÄÇ;;;;;;;;;;;;;x
b_pundravardhana;±¼ÄÇ·¥µ¯ÄÇ;;;;;;;;;;;;;x
b_mahasthangarh;Ä¦Ú­æ¶Ì´Ù¤ÂŞ;;;;;;;;;;;;;x
b_somapura_mahavihara;ËÕÄ¦³Ç´óÅşÚ­ÂŞ;;;;;;;;;;;;;x
b_totaram_panditer_dhap;¶¹¶àÀ¶ °ãÌáµÙÂŞÍÁÇğ;;;;;;;;;;;;;x
b_khulnar_dhap;ÇğÂŞÍÁÇğ;;;;;;;;;;;;;x
b_bhimer_jangal;ÅşßãÂŞ Ñ®åÈÂŞ;;;;;;;;;;;;;x
b_ghoraghat;‘xÂŞ½Ò;;;;;;;;;;;;;x
c_suvarnagram;ËÕ·¥Øİ³Ç;;;;;;;;;;;;;x
c_suvarnagram_adj;ËÕ·¥Øİ³Ç;suvarnagramane;;;;;;;;;;;;x
b_narikella;ÄÇÀûÒÕÂŞ;;;;;;;;;;;;;x
b_suvarnagram;ËÕ·¥Øİ³Ç;;;;;;;;;;;;;x
b_satkhira;Èø¼ªÂŞ;;;;;;;;;;;;;x
b_susanga;ËÕÉ£åÈ;;;;;;;;;;;;;x
b_bokainagar;ÆĞåÈÒÁ³Ç;;;;;;;;;;;;;x
c_gauda;ÇÇİ±;;;;;;;;;;;;;x
c_gauda_adj;ÇÇİ±;gaudane;;;;;;;;;;;;x
b_karnasubarna;Ù¤ÂŞÄÇËÕÆÅÂŞÄÇ;;;;;;;;;;;;;x
b_raktamrittika;Âäê¼ÀûÌáåÈ;;;;;;;;;;;;;x
b_tarapith;¶àÂŞÅş¶à;;;;;;;;;;;;;x
b_adinatha_mandir;°¢ÌáÄÇ¶àÉñÃí;;;;;;;;;;;;;x
b_agmahl;°¢åÈÄ¦Ú­;;;;;;;;;;;;;x
b_teliagarhi;ÚĞÀæ°¢åÈÂŞ;;;;;;;;;;;;;x
c_radha;ÂŞÍÓ;;;;;;;;;;;;;x
c_radha_adj;ÂŞÍÓ;;;;;;;;;;;;;x
b_lakhnor;ÂäÚ­Å«ÂŞ;;;;;;;;;;;;;x
b_kalyaneshwari;åÈÂŞÒ®ÄÚÊ¬ÆÅÂŞ;;;;;;;;;;;;;x
b_katwa;½ÒÆÅ;;;;;;;;;;;;;x
b_gopbhum;‘x²¨²¹Ä¦;;;;;;;;;;;;;x
b_ichhai_ghoshgarh;ÒÁì¹Ú­ÒÁ ‘xÉáÙ¤ÂŞ;;;;;;;;;;;;;x
b_hirapur;õ£ÂŞ³Ç;;;;;;;;;;;;;x
c_laksmanavati;ÂäÊªÂüÄÇ˜„Ìá;;;;;;;;;;;;;x
c_laksmanavati_adj;ÂäÊªÂüÄÇ˜„Ìá;;;;;;;;;;;;;x
b_laksmanavati;ÂäÊªÂüÄÇ˜„Ìá;;;;;;;;;;;;;x
b_gaur;ÇÇÂŞ;;;;;;;;;;;;;x
b_malda;Ä¦ÂŞÍÓ;;;;;;;;;;;;;x
b_rampur_boalia;À¶²¹ÂŞ ÆĞ°¢Àæ°¢;;;;;;;;;;;;;x
b_pandua;°ãİË°¢;;;;;;;;;;;;;x
b_puthia;²¹Ìá°¢;;;;;;;;;;;;;x
c_kotivarsa;‘xÌáÆÅÂ¥Éá;;;;;;;;;;;;;x
c_kotivarsa_adj;‘xÌáÆÅÂ¥Éá;kotivarsane;;;;;;;;;;;;x
b_ramavati;ÂŞÄ¦ÆÅÌá;;;;;;;;;;;;;x
b_devkot;ÌáÆÅ‘x¶à;;;;;;;;;;;;;x
b_bangarh;°ãåÈÂŞ;;;;;;;;;;;;;x
b_jagaddala;ê^½ÒÍÓÂŞ;;;;;;;;;;;;;x
b_korat;‘xÂŞ¶à;;;;;;;;;;;;;x
b_siliguri;Ë¹Àæ¹ÅÀû;;;;;;;;;;;;;x
c_nabadwipa;¾ÅÖŞ;;;;;;;;;;;;;x
c_nabadwipa_adj;¾ÅÖŞ;;;;;;;;;;;;;x
b_nabadwipa;¾ÅÖŞ;;;;;;;;;;;;;x
b_krishnagar;ºÚÌì³Ç;;;;;;;;;;;;;x
b_pancharatna;°ãì¹ÂŞ¶àÄÇ;;;;;;;;;;;;;x
b_bidhyanandikathi;ÅşÍÓÒ®ÄÑÌáåÈµ×;;;;;;;;;;;;;x
b_madhyadwip;Ä¦ÍÓÒ®ÖŞ;;;;;;;;;;;;;x
b_godrumdwip;‘xÍÓÄÑÖŞ;;;;;;;;;;;;;x
b_ritudwip;Àû¶ÂÖŞ;;;;;;;;;;;;;x
c_saptagrama;Æß´å;;;;;;;;;;;;;x
c_saptagrama_adj;Æß´å;;;;;;;;;;;;;x
b_saptagrama;Æß´å;;;;;;;;;;;;;x
b_bansberia;°ãæ¶·ÍÀû°¢;;;;;;;;;;;;;x
b_chinsura;ì¹ÄÇËÕÂŞ;;;;;;;;;;;;;x
b_mahanad;Ä¦Ú­ÄÇÍÓ;;;;;;;;;;;;;x
b_tribeni;µÛÀû·ÍÄá;;;;;;;;;;;;;x
b_shantipur;Ê¤Ìá³Ç;;;;;;;;;;;;;x
c_vijayapura;ÅşÉİÒ®³Ç;;;;;;;;;;;;;x
c_vijayapura_adj;ÅşÉİÒ®³Ç;;;;;;;;;;;;;x
b_vijayapura;ÅşÉİÒ®³Ç;;;;;;;;;;;;;x
b_begunia;Åş¹ÅÄá°¢;;;;;;;;;;;;;x
b_patuli;²¨¶ÂÀæ;;;;;;;;;;;;;x
b_kalna;åÈÂŞÄÇ;;;;;;;;;;;;;x
b_churulia;ì¹ÓôÂ¥Àæ°¢;;;;;;;;;;;;;x
b_dishergarh;ÌáÉáÒÄÂŞ±¤;;;;;;;;;;;;;x
c_tamralipti;¶àÄ¦Àæ;;;;;;;;;;;;;x
c_tamralipti_adj;¶àÄ¦Àæ;;;;;;;;;;;;;x
b_tamralipti;¶àÄ¦Àæ;;;;;;;;;;;;;x
b_sagardwip;æ¶åÈÂŞÖŞ;;;;;;;;;;;;;x
b_jahajghata;Ò®Ú­Ò®åÈÍÓ;;;;;;;;;;;;;x
b_chandraketugarh;ì¹ÍÓÂŞÒÕ¶Â±¤;;;;;;;;;;;;;x
b_ishwaripur;ÒÁÊ¬ÆÅÀæ³Ç;;;;;;;;;;;;;x
c_midnapore;ÃÜÌáÄÇ³Ç;;;;;;;;;;;;;x
c_midnapore_adj;ÃÜÌáÄÇ³Ç;;;;;;;;;;;;;x
b_midnapore;ÃÜÌáÄÇ³Ç;;;;;;;;;;;;;x
b_moghalmari;Ä²åÈÂŞÄ¦Àû;;;;;;;;;;;;;x
b_dantan;Ì´Ì´;;;;;;;;;;;;;x
b_kashipur;åÈÊ¬³Ç;;;;;;;;;;;;;x
b_hilji;õ£ÂŞêÈ;;;;;;;;;;;;;x
c_mallabhum;Ä©ÂŞ¸¡Ä¦;;;;;;;;;;;;;x
c_mallabhum_adj;Ä©ÂŞ¸¡Ä¦;mallabhum;;;;;;;;;;;;x
b_bishnupur;ÅşÊªÅ«³Ç;;;;;;;;;;;;;x
b_dihar;ÌáÚ­ÂŞ;;;;;;;;;;;;;x
b_baghmundi;ÆÅåÈÃÉÌá;;;;;;;;;;;;;x
b_mandaran;ÂüÍÓÀ¼;;;;;;;;;;;;;x
b_chandrakona;ì¹ÍÓÂŞ‘xÄÇ;;;;;;;;;;;;;x
b_garhbeta;åÈÂŞ·Í¶à;;;;;;;;;;;;;x
c_kamarupanagara;åÈÄ¦ÂÆ²¨³Ç;;;;;;;;;;;;;x
c_kamarupanagara_adj;åÈÄ¦ÂÆ²¨³Ç;;;;;;;;;;;;;x
b_kamarupanagara;åÈÄ¦ÂÆ²¨³Ç;;;;;;;;;;;;;x
b_pragyotisapura;²¨ÂŞåÈÎÚÌáæ¶³Ç;;;;;;;;;;;;;x
b_madan_kamdev;Ä¦Ì´åÈÄ¦;;;;;;;;;;;;;x
b_hajo;Ú­ê^ÎÚ;;;;;;;;;;;;;x
b_durjaya;Í·ÂŞê^Ò®;;;;;;;;;;;;;x
b_manikuta;Ä¦Äá¾ã¶à;;;;;;;;;;;;;x
b_dariyaon;ÍÓÀûÒ®ÎÚÄÇ;;;;;;;;;;;;;x
c_kamatapur;åÈÄ¦¶à³Ç;;;;;;;;;;;;;x
c_kamatapur_adj;åÈÄ¦¶à³Ç;kamatapurane;;;;;;;;;;;;x
b_kamatapur;åÈÄ¦¶à³Ç;;;;;;;;;;;;;x
b_nalrajar_garh;ÄÇÂŞÒ®ÂŞ±¤;;;;;;;;;;;;;x
b_mainaguri;Ã·ÄÇ¹ÅÀû;;;;;;;;;;;;;x
b_japyesvara;Ò®²¨Ò®ÒÄÊÒ·¥ÂŞ;;;;;;;;;;;;;x
b_bhitagarh;Åş¶àåÈÂŞ;;;;;;;;;;;;;x
c_goalpara;ÇÇ°¢ÂŞ²¨ÂŞ;;;;;;;;;;;;;x
c_goalpara_adj;ÇÇ°¢ÂŞ²¨ÂŞ;;;;;;;;;;;;;x
b_goalpara;ÇÇ°¢ÂŞ²¨ÂŞ;;;;;;;;;;;;;x
b_sri_surya_pahar;ÊÒÀûËÕÀûÒ®²¨Ú­ÂŞ;;;;;;;;;;;;;x
b_kamakhya;åÈÄ¦ÒÒ®;;;;;;;;;;;;;x
b_dhubri;İËÆÅÀû;;;;;;;;;;;;;x
c_dimapur;ÌáÄ¦³Ç;;;;;;;;;;;;;x
c_dimapur_adj;ÌáÄ¦³Ç;;;;;;;;;;;;;x
b_dimapur;ÌáÄ¦³Ç;;;;;;;;;;;;;x
b_herombial;Ú­ÒÄÂ¬Ä¦Åş°¢ÂŞ;;;;;;;;;;;;;x
b_oddiyana2;ÎÚÌáÒ®ÄÇ;;;;;;;;;;;;;x
b_maibong;Ä¦ÒÄÆĞÄÇåÈMaibong;;;;;;;;;;;;;x
c_srihatta;ÊÒÀûÚ­ß¸;;;;;;;;;;;;;x
c_srihatta_adj;ÊÒÀûÚ­ß¸;;;;;;;;;;;;;x
b_srihatta;ÊÒÀûÚ­ß¸;;;;;;;;;;;;;x
b_habiganj;Ú­Åşêùê^;;;;;;;;;;;;;x
b_egarosindur;ÒÄåÈÂ¬Ë¹ÄÇÍ»;;;;;;;;;;;;;x
b_nasirabad;ÄÇ´ÍÂŞ°Ï;;;;;;;;;;;;;x
b_jangalbari;Ñ®åÈÂŞÆÅÀû;;;;;;;;;;;;;x
c_haruppeswara;Ú­Â¬ÅşÊª·¥ÂŞ;;;;;;;;;;;;;x
c_haruppeswara_adj;Ú­Â¬ÅşÊª·¥ÂŞ;;;;;;;;;;;;;x
b_haruppeswara;Ú­Â¬ÅşÊª·¥ÂŞ;;;;;;;;;;;;;x
b_numaligarh;Å«Ä¦Àæ±¤;;;;;;;;;;;;;x
b_dibarumukh;ÌáÆÅÂ¥Ä²åÈ;;;;;;;;;;;;;x
b_charaideo;²éÀ³µï;;;;;;;;;;;;;x
c_kundina;¹±µ×ÄÇ;;;;;;;;;;;;;x
c_kundina_adj;¹±µ×ÄÇ;kundinane;;;;;;;;;;;;x
b_kundina;¹±µ×ÄÇ;;;;;;;;;;;;;x
b_prithiminagar;²¨Àûµ×ÃÖÄÇåÈÂŞ;;;;;;;;;;;;;x
b_sadiya;æ¶ÌáÒ®;;;;;;;;;;;;;x
b_tinsukia;ÌáÄÇĞë¼ª°¢;;;;;;;;;;;;;x
c_mithila;ÃÖÈøÂŞ;;;;;;;;;;;;;x
c_mithila_adj;ÃÖÈøÂŞ;;;;;;;;;;;;;x
b_mithila;ÃÖÈøÂŞ;;;;;;;;;;;;;x
b_yavamajjhaka;Ò®ÆÅÄ¦ê^åÈ;;;;;;;;;;;;;x
b_saligrama;æ¶Àæ´å;;;;;;;;;;;;;x
b_sugauna;ĞëÇÇÄÇ;;;;;;;;;;;;;x
b_darbhanga;ÍÓÂŞ°ãåÈ;;;;;;;;;;;;;x
b_hajipur;Ú­êÈ³Ç;;;;;;;;;;;;;x
b_siwan;ÎıÍò;;;;;;;;;;;;;x
c_kusinagara;¾ĞÊ¬³Ç;;;;;;;;;;;;;x
c_kusinagara_adj;¾ĞÊ¬³Ç;;;;;;;;;;;;;x
b_kusinagara;¾ĞÊ¬³Ç;;;;;;;;;;;;;x
b_lumbini;À¶ÅşÄá;;;;;;;;;;;;;x
b_padrauna;°ÏÂŞÓôÄÇ;;;;;;;;;;;;;x
b_ramagrama;ÂŞÄ¦´å;;;;;;;;;;;;;x
b_pava;²¨·¥;;;;;;;;;;;;;x
b_chapra;ì¹²¨ÂŞ;;;;;;;;;;;;;x
c_simaramapura;É®Ä¦ÂŞÄ¦³Ç;;;;;;;;;;;;;x
c_simaramapura_adj;É®Ä¦ÂŞÄ¦³Ç;;;;;;;;;;;;;x
b_simaramapura;É®Ä¦ÂŞÄ¦³Ç;;;;;;;;;;;;;x
b_kesaria;ÒÕæ¶Àû°¢;;;;;;;;;;;;;x
b_bhaktagrama;²©¶à´å;;;;;;;;;;;;;x
b_kathmandu;¼ÓµÂÂú¶¼;;;;;;;;;;;;;x
b_pattana;°Ï¶àÄÇ;;;;;;;;;;;;;x
b_bettiah;·ÍÌá°¢;;;;;;;;;;;;;x
b_vaid;ÅşÍÓ;;;;;;;;;;;;;x
c_varanasi;²¨ÂŞÄÎ;;;;;;;;;;;;;x
c_varanasi_adj;²¨ÂŞÄÎ;;;;;;;;;;;;;x
b_varanasi;²¨ÂŞÄÎ;;;;;;;;;;;;;x
b_sarnath;Â¹Ò°Ô·;;;;;;;;;;;;;x
b_bhadohi;°Í¶àÏ£;;;;;;;;;;;;;x
b_ballia;ÆÅÂŞÀû°¢;;;;;;;;;;;;;x
b_durga_mandir;¶Å¶ûåÈÅ®ÉñÃí;;;;;;;;;;;;;x
b_kashi_vishwanath;åÈÊªÊªÆÅÉñÃí;;;;;;;;;;;;;x
c_jaunpur;ÉÆ²¹ÂŞ;;;;;;;;;;;;;x
c_jaunpur_adj;ÉÆ²¹ÂŞ;;;;;;;;;;;;;x
b_kerarkot;ÒÕÂŞ‘xÌáKerarkot;;;;;;;;;;;;;x
b_gadhipuri;åÈÌá³Ç;;;;;;;;;;;;;x
b_dohrighat;¶¹Àû½Ò;;;;;;;;;;;;;x
b_jaunpur;ÉÆ²¹ÂŞ;;;;;;;;;;;;;x
b_amethi;°¢ßãµ×;;;;;;;;;;;;;x
b_haldi;Ú­ÂŞÌá;;;;;;;;;;;;;x
b_tanda;Ì´ÍÓ;;;;;;;;;;;;;x
c_chunar;ì¹ÂŞÄÇÌáÀû;;;;;;;;;;;;;x
c_chunar_adj;ì¹ÂŞÄÇÌáÀû;chunar;;;;;;;;;;;;x
b_chunar;ì¹ÂŞÄÇÌáÀû;;;;;;;;;;;;;x
b_vindhyachal;ÆµÍÓì¹ÂŞ;;;;;;;;;;;;;x
b_kantit;½¨Ìáµ×;;;;;;;;;;;;;x
c_munda;ŞÑÙ¢;;;;;;;;;;;;;x
c_munda_adj;ŞÑÙ¢;;;;;;;;;;;;;x
b_chutia;ì¹ÓôÌá°¢;;;;;;;;;;;;;x
b_ratu;ÂŞ¶µ;;;;;;;;;;;;;x
b_marang_buru;Ä¦ÀÃåÈ²¹Â¬;;;;;;;;;;;;;x
c_jharkand;ê^ÂŞ¸ÉÍÓ;;;;;;;;;;;;;x
c_jharkand_adj;ê^ÂŞ¸ÉÍÓ;jharkand;;;;;;;;;;;;x
b_koriya;‘xÀûÒ®;;;;;;;;;;;;;x
b_kandra;½¨ÍÓÂŞ;;;;;;;;;;;;;x
b_ambikapur;°¢Ä¦ÅşåÈ³Ç;;;;;;;;;;;;;x
c_damin_i_koh;ê¼Ãñ;;;;;;;;;;;;;x
c_damin_i_koh_adj;ê¼Ãñ;;;;;;;;;;;;;x
b_deogarh2;ÌáÎÚ±¤;;;;;;;;;;;;;x
b_shikarji;ÊªåÈÂŞêÈ;;;;;;;;;;;;;x
c_rajrappa;ÂŞÉİÂŞ²¨;;;;;;;;;;;;;x
c_rajrappa_adj;ÂŞÉİÂŞ²¨;rajrappa;;;;;;;;;;;;x
b_rajrappa;ÂŞÉİÂŞ²¨;;;;;;;;;;;;;x
b_kenduli;ÒÕÄÇÍ·Àæ;;;;;;;;;;;;;x
c_magadha;Ä¦½ÒÍÓ;;;;;;;;;;;;;x
c_magadha_adj;Ä¦½ÒÍÓ;magadha;;;;;;;;;;;;x
b_pataliputra;»ªÊÏ³Ç;;;;;;;;;;;;;x
b_odantapuri;·ÉĞĞËÂ;;;;;;;;;;;;;x
b_maner;Ä¦ÄÚÂŞ;;;;;;;;;;;;;x
b_barh;ÆÅÂŞ;;;;;;;;;;;;;x
b_bihar_sharif;ÅşÚ­ÂŞĞ»Àï·ò;;;;;;;;;;;;;x
b_rajagrha;ÍõÉá³Ç;;;;;;;;;;;;;x
b_triveni;µÛÁ¦·ÍÄá;;;;;;;;;;;;;x
c_sasaram;Èøæ¶À¶;;;;;;;;;;;;;x
c_sasaram_adj;Èøæ¶À¶;;;;;;;;;;;;;x
b_sasaram;Èøæ¶À¶;;;;;;;;;;;;;x
b_jaund;ÉÆÍÓ;;;;;;;;;;;;;x
b_mundeshwari;ÃÉÌáÊ¬ÆÅÂŞ;;;;;;;;;;;;;x
b_arrah;°¢ÂŞ;;;;;;;;;;;;;x
b_horilnagar;ºôÀûÂŞ³Ç;;;;;;;;;;;;;x
c_rothas;Â¬¶àË¹;;;;;;;;;;;;;x
c_rothas_adj;Â¬¶àË¹;;;;;;;;;;;;;x
b_rohtas;Â¬¶àË¹;;;;;;;;;;;;;x
b_rohtasgarh;Â¬Ú­¶àæ¶±¤;;;;;;;;;;;;;x
b_rohtasan;Â¬Ú­¶àÉ£;;;;;;;;;;;;;x
b_betla;·Í¶àÂŞ;;;;;;;;;;;;;x
b_palamau;²¨ÂŞÄ¦Óô;;;;;;;;;;;;;x
c_mudgagiri;ï÷Ù¤êÈÀå;;;;;;;;;;;;;x
c_mudgagiri_adj;ï÷Ù¤êÈÀå;;;;;;;;;;;;;x
b_mudgagiri;ï÷Ù¤êÈÀå;;;;;;;;;;;;;x
b_kahalgaon;åÈÚ­ÂŞåÈÎÚÄÇ;;;;;;;;;;;;;x
b_campa;ÕÚÄ¦ÂŞ;;;;;;;;;;;;;x
b_vikramasila;ÅşåÈÂŞÄ¦Ë¹ÂŞ;;;;;;;;;;;;;x
b_karnagarh;åÈÂŞ³Ç;;;;;;;;;;;;;x
b_jahnugiri;Ò®Ú­Å«É½;;;;;;;;;;;;;x
b_lakhisarai;ÂŞ¼ªæ¶ÂŞÒÁ;;;;;;;;;;;;;x
c_gaya;Ù¤Ò®;;;;;;;;;;;;;x
c_gaya_adj;Ù¤Ò®;;;;;;;;;;;;;x
b_gaya;Ù¤Ò®;;;;;;;;;;;;;x
b_bodh_gaya;ÆĞÌáÙ¤Ò®;;;;;;;;;;;;;x
b_elahabad;°²À­°¢°ÍµÂ;;;;;;;;;;;;;x
b_nalanda;ÄÇÀÃÍÓ;;;;;;;;;;;;;x
b_sherghati;ÉáÒÄÂŞåÈÌá;;;;;;;;;;;;;x
b_nawada;ÄÇÆÅÍÓ;;;;;;;;;;;;;x
c_kanyakubja;ÇúÅ®³Ç;;;;;;;;;;;;;x
c_kanyakubja_adj;ÇúÅ®³Ç;;;;;;;;;;;;;x
b_kanyakubja;ÇúÅ®³Ç;;;;;;;;;;;;;x
b_jajmau;ê^µoÄ²;;;;;;;;;;;;;x
b_bithor;Åş¶¹ÂŞ;;;;;;;;;;;;;x
b_etawah;ÒÄ¶àÆÅÚ­;;;;;;;;;;;;;x
b_swargdwari;Ê¬ÆÅÂŞåÈÍÓÆÅÀû;;;;;;;;;;;;;x
b_kampil;¸ÊÅşÂŞ;;;;;;;;;;;;;x
b_jai_chandra;êÈì¹ÍÓÂŞ;;;;;;;;;;;;;x
c_lakhnau;ÂäÙ¤ÄÎ;;;;;;;;;;;;;x
c_lakhnau_adj;ÂäÙ¤ÄÎ;lakhnau;;;;;;;;;;;;x
b_lakhnau;ÂäÙ¤ÄÎ;;;;;;;;;;;;;x
b_jasnaul;Ò®æ¶ÄÇÎÚÂŞ;;;;;;;;;;;;;x
b_satrikh;æ¶µÛÁ¦åÈ;;;;;;;;;;;;;x
b_hardoi;Ú­ÂŞ¶¹ÒÁ;;;;;;;;;;;;;x
b_zaidpur;Ô×µÂ³Ç;;;;;;;;;;;;;x
c_kalpi;Ù¤ÂŞÅş;;;;;;;;;;;;;x
c_kalpi_adj;Ù¤ÂŞÅş;;;;;;;;;;;;;x
b_kalpi;Ù¤ÂŞÅş;;;;;;;;;;;;;x
b_jalaun;Ò®ÂŞÓôÄÇ;;;;;;;;;;;;;x
b_lahar;À­Ú­ÂŞ;;;;;;;;;;;;;x
b_oirai;ÎÚÒÁÂŞÒÁ;;;;;;;;;;;;;x
b_kurara;¾ãÂŞÂŞ;;;;;;;;;;;;;x
b_konch;‘xì¹;;;;;;;;;;;;;x
c_bharauli;ÆÅÂ¥Àæ;;;;;;;;;;;;;x
c_bharauli_adj;ÆÅÂ¥Àæ;;;;;;;;;;;;;x
b_bharauli;ÆÅÂ¥Àæ;;;;;;;;;;;;;x
b_manikpur;Ä¦ÄáåÈ³Ç;;;;;;;;;;;;;x
b_lalganj;ÂŞÀæêùê^;;;;;;;;;;;;;x
b_bhadri;ÆÅÍÓÀû;;;;;;;;;;;;;x
c_prayaga;²§ÂŞÒ®Ù¤;;;;;;;;;;;;;x
c_prayaga_adj;²§ÂŞÒ®Ù¤;prayaga;;;;;;;;;;;;x
b_prayaga;²§ÂŞÒ®Ù¤;;;;;;;;;;;;;x
b_daraganj;ÍÓÂŞêùê^;;;;;;;;;;;;;x
b_alopibagh;°¢Â¬ÅşÆÅåÈ;;;;;;;;;;;;;x
b_kausambi;‘xÉÍÃÖ;;;;;;;;;;;;;x
b_chowk;³¯¿Ë;;;;;;;;;;;;;x
b_kara;åÈÂŞ;;;;;;;;;;;;;x
b_dariyabad;´ïÀïÒ®°ÍµÂ;;;;;;;;;;;;;x
c_asni;°¢Ë¹Äá;;;;;;;;;;;;;x
c_asni_adj;°¢Ë¹Äá;;;;;;;;;;;;;x
b_asni2;°¢Ë¹Äá;;;;;;;;;;;;;x
b_bhitargaon;Åş¶àÂŞåÈÎÚÄÇ;;;;;;;;;;;;;x
b_kora;‘xÂŞ;;;;;;;;;;;;;x
b_musanagar;Ä²æ¶³Ç;;;;;;;;;;;;;x
b_shivrajpur;Ê¬ÆÅÂŞê^³Ç;;;;;;;;;;;;;x
b_bindki;ÆµÍÓ¼ª;;;;;;;;;;;;;x
b_khaga;¿¨åÈ;;;;;;;;;;;;;x
c_naimisa;ÄÎÃÖÈø;;;;;;;;;;;;;x
c_naimisa_adj;ÄÎÃÖÈø;;;;;;;;;;;;;x
b_naimisa;ÄÎÃÖÈø;;;;;;;;;;;;;x
b_bahraich;ÆÅÚ­ÂŞÒÁì¹;;;;;;;;;;;;;x
b_gonda;‘xÍÓ;;;;;;;;;;;;;x
b_lakhimpur;ÂŞ½ô³Ç;;;;;;;;;;;;;x
b_sitapur;Ë¹¶à³Ç;;;;;;;;;;;;;x
b_misrikh;ÃÖÊÒÀûåÈ;;;;;;;;;;;;;x
c_sravasti;ÉáÎÀ³Ç;;;;;;;;;;;;;x
c_sravasti_adj;ÉáÎÀ³Ç;;;;;;;;;;;;;x
b_sravasti;ÉáÎÀ³Ç;;;;;;;;;;;;;x
b_barohiya;ÆÅÂ¬õ£Ò®;;;;;;;;;;;;;x
b_jetavana;Ö»ÍÓÁÖ;;;;;;;;;;;;;x
b_amorha;°¢Ä¦ÂŞÚ­;;;;;;;;;;;;;x
b_gorakhnath_math;¹ùÀ­Ç¢ÄÉÌØÉñÃí;;;;;;;;;;;;;x
b_gorakhpur;¹ùÀ­Ç¢³Ç;;;;;;;;;;;;;x
b_maghar;Ä¦åÈÂŞ;;;;;;;;;;;;;x
c_ayodhya;°¢ÓâÍÓ;;;;;;;;;;;;;x
c_ayodhya_adj;°¢ÓâÍÓ;ayodhya;;;;;;;;;;;;x
b_ayodhya;°¢ÓâÍÓ;;;;;;;;;;;;;x
b_ramkot;À¶‘x¶à;;;;;;;;;;;;;x
b_ram_janmabhoomi;ÂŞÄ¦½µµ®´¦;;;;;;;;;;;;;x
b_nageshwarnath;ÄÇÒÕÊ¬ÆÅÂŞÄÇ¶à;;;;;;;;;;;;;x
b_hanuman_garhi;¹şÅ«ÂüÙ¤ÂŞõ£;;;;;;;;;;;;;x
b_faizabad;·¨Ôú°ÍµÂ;;;;;;;;;;;;;x
b_sarairasi;ÈøÂŞÒÀÂŞË¹;;;;;;;;;;;;;x
c_mahoba;Ä¦ºôÆÅ;;;;;;;;;;;;;x
c_mahoba_adj;Ä¦ºôÆÅ;;;;;;;;;;;;;x
b_mahoba;Ä¦ºôÆÅ;;;;;;;;;;;;;x
b_chitrakuta;Ö§¶àÂŞğ¯¶à;;;;;;;;;;;;;x
b_hamirpur;Ú­ÃÖÂŞ³Ç;;;;;;;;;;;;;x
b_ajaigarh;°¢ê^±¤;;;;;;;;;;;;;x
b_rath;ÂŞÌá;;;;;;;;;;;;;x
c_kalanjara;Ù¤À¼ê^ÂŞ;;;;;;;;;;;;;x
c_kalanjara_adj;Ù¤À¼ê^ÂŞ;;;;;;;;;;;;;x
b_kalinjar;ôÉÁêê^ÂŞ;;;;;;;;;;;;;x
b_khajuraho;åÈÖÜÄÇÚ­;;;;;;;;;;;;;x
b_jayapura;ê^Ò®³Ç;;;;;;;;;;;;;x
b_bhatta;°Ï¶à;;;;;;;;;;;;;x
b_panna;°ãÄÇ;;;;;;;;;;;;;x
b_devendranagar;Ìá·ÍÄÇÍÓÂŞ³Ç;;;;;;;;;;;;;x
c_damoh;Ù¢Ä²;;;;;;;;;;;;;x
c_damoh_adj;Ù¢Ä²;;;;;;;;;;;;;x
b_damoh;Ù¢Ä²;;;;;;;;;;;;;x
b_dhamoni;Ù¢Ä²Äá;;;;;;;;;;;;;x
b_nohta;Å«Ú­¶à;;;;;;;;;;;;;x
b_singrampur;Ë¹ÄÇÙ¤ÂŞ³Ç;;;;;;;;;;;;;x
b_narsinghgarh;ÄÇÂŞË¹ÄÇåÈ±¤;;;;;;;;;;;;;x
c_gurgi;¹ÅÂ¬êÈ;;;;;;;;;;;;;x
c_gurgi_adj;¹ÅÂ¬êÈ;;;;;;;;;;;;;x
b_gurgi;¹ÅÂ¬êÈ;;;;;;;;;;;;;x
b_satna;Èø¶àÄÇ;;;;;;;;;;;;;x
b_bathgahora;ÆÅ¶àåÈºôÂŞ;;;;;;;;;;;;;x
b_chandrehi;ì¹ÍÓÀæõ£;;;;;;;;;;;;;x
c_delhi;µÂÀï;;;;;;;;;;;;;x
c_delhi_adj;µÂÀï;delhiite;;;;;;;;;;;;x
b_indraprastha;ÒòÍÓÂŞ³Ç;;;;;;;;;;;;;x
b_dhilika;ÌáÀæåÈ;;;;;;;;;;;;;x
b_mehrauli;ßãÚ­ÂŞÓôÀæ;;;;;;;;;;;;;x
b_lalkot;À­¶û¿ÆÌØ;;;;;;;;;;;;;x
b_narela;ÄÇÀæÂŞ;;;;;;;;;;;;;x
b_siri;Ë¹Àû;;;;;;;;;;;;;x
b_jahanpanah;¼ÖººÅÁÄÇºÕ;;;;;;;;;;;;;x
b_lori_berd;ÂÜÀò±¤;;;;;;;;;;;;;x
b_dzegh;µÏÈö¸ñ;;;;;;;;;;;;;x
b_dmanis;µÏÂüÄáË¹;;;;;;;;;;;;;x
b_agarak;°¢¼ÓÀ­¿Ë;;;;;;;;;;;;;x
b_hovk;ºÎ¸£;;;;;;;;;;;;;x
b_erkan;¶ò¶øº±;;;;;;;;;;;;;x
c_hastinapura;Ïó³Ç;;;;;;;;;;;;;x
c_hastinapura_adj;Ïó³Ç;;;;;;;;;;;;;x
b_hastinapura;Ïó³Ç;;;;;;;;;;;;;x
b_pandeshwar;°ãÌáÊ¬ÆÅÂŞ;;;;;;;;;;;;;x
b_pankot;°ã‘x¶à;;;;;;;;;;;;;x
b_indrasthana;ÒòÍÓÂŞÏ¤ê¼ÄÇ;;;;;;;;;;;;;x
b_mirath;ÃÖÂŞ¶à;;;;;;;;;;;;;x
b_baran;ÆÅÀ¼;;;;;;;;;;;;;x
b_hapur;Ú­Àû³Ç;;;;;;;;;;;;;x
c_sthanisvara;Ï¤ê¼ÄáÊÒ·¥ÂŞ;;;;;;;;;;;;;x
c_sthanisvara_adj;Ï¤ê¼ÄáÊÒ·¥ÂŞ;;;;;;;;;;;;;x
b_saharanpur;æ¶Ú­À¼³Ç;;;;;;;;;;;;;x
b_sthanisvara;Ï¤ê¼ÄáÊÒ·¥ÂŞ;;;;;;;;;;;;;x
b_shakumbhri_devi;Å®ÉñÉá¾ãÄ¦ÆÅÀû¾Ó´¦;;;;;;;;;;;;;x
b_sirhind;Î÷¶ûĞËµÂ;;;;;;;;;;;;;x
b_karnal;åÈÂŞÄÇÂŞ;;;;;;;;;;;;;x
b_samana;æ¶Ä¦ÄÇ;;;;;;;;;;;;;x
b_panipat;²¨Äá°Ï;;;;;;;;;;;;;x
c_hisar;Ï£Èø;;;;;;;;;;;;;x
c_hisar_adj;Ï£Èø;;;;;;;;;;;;;x
b_asigarh;°¢Ë¹±¤;;;;;;;;;;;;;x
b_asika;°¢Ë¹åÈ;;;;;;;;;;;;;x
b_surajkund;ËÕÂŞê^¹±ÍÓ;;;;;;;;;;;;;x
b_rohtak;Â¬Ú­´ïRohtak;;;;;;;;;;;;;x
b_hisar;Ï£Èø;;;;;;;;;;;;;x
b_kalanaur;åÈÂŞÄÇÓôÂŞ;;;;;;;;;;;;;x
b_agroha;°¢åÈÂ¬Ú­;;;;;;;;;;;;;x
c_tribandapura;µÛÀû°ãÙ¢³Ç;;;;;;;;;;;;;x
c_tribandapura_adj;µÛÀû°ãÙ¢³Ç;tribandapurane;;;;;;;;;;;;x
b_tribandapura;µÛÀû°ãÙ¢³Ç;;;;;;;;;;;;;x
b_sunam;ĞëÄÏ;;;;;;;;;;;;;x
b_jaintpuri;êÈÄÇ¶à³Ç;;;;;;;;;;;;;x
b_kartikeya;Ù¤ÂŞÌáÒÕÒ®;;;;;;;;;;;;;x
b_amin;°¢ãÉ;;;;;;;;;;;;;x
c_sarasvati;æ¶ÂŞÊÒ·¥µ×;;;;;;;;;;;;;x
c_sarasvati_adj;æ¶ÂŞÊÒ·¥µ×;sarasvatie;;;;;;;;;;;;x
b_sarasvati;æ¶ÂŞÊÒ·¥µ×;;;;;;;;;;;;;x
b_bhadra;ÆÅµÂÀ­;;;;;;;;;;;;;x
b_bhatnir;ÆÅÌáÄá;;;;;;;;;;;;;x
b_tarain;¶àÂŞÒò;;;;;;;;;;;;;x
c_mathura;ï÷İËÂŞ;;;;;;;;;;;;;x
c_mathura_adj;ï÷İËÂŞ;mathurane;;;;;;;;;;;;x
b_mathura;ï÷İËÂŞ;;;;;;;;;;;;;x
b_krishnajanmabhoomi;¼ªÀûÄÇÑ®Ä¦Ú­ÃÖ;;;;;;;;;;;;;x
b_govardhan;¸çÍß¶ûµ¤;;;;;;;;;;;;;x
b_vrindavan;ÎÂ´ïÎÄ;;;;;;;;;;;;;x
b_mankameshwar;ÃÉÙ¤ÄªÉáÍß;;;;;;;;;;;;;x
b_agra;°¢¸ñÂŞ;;;;;;;;;;;;;x
b_khanwa;º¹Íß;;;;;;;;;;;;;x
b_dhanauli;Ú­Å¬Àû;;;;;;;;;;;;;x
c_kol;‘xÂŞ;;;;;;;;;;;;;x
c_kol_adj;‘xÂŞ;kol;;;;;;;;;;;;x
b_dor;¶µ¶û;;;;;;;;;;;;;x
b_kol;‘xÂŞ;;;;;;;;;;;;;x
b_soron;Ë÷Áú;;;;;;;;;;;;;x
b_nilavati;ÄáÂŞ·¥Àû;;;;;;;;;;;;;x
b_etah;°£´ï;;;;;;;;;;;;;x
b_barauli;ÆÅÂŞÀû;;;;;;;;;;;;;x
c_sripatha;ÊÒÀû²¨¶à;;;;;;;;;;;;;x
c_sripatha_adj;ÊÒÀû²¨¶à;sripathane;;;;;;;;;;;;x
b_sripatha;ÊÒÀû²¨¶à;;;;;;;;;;;;;x
b_bayana;ÆÅÒ®ÄÇ;;;;;;;;;;;;;x
b_dhavalapuri;µÂÚ­·¥ÂŞ²¹ÂŞ;;;;;;;;;;;;;x
b_dholeshwar_mahadev;Ú­ÀÕÎ÷Íß Ä¦Ú­µÂÍß;;;;;;;;;;;;;x
b_abanhagari;°¢°àºÍÙ¤Äá;;;;;;;;;;;;;x
c_vodamayutja;ÆĞÍÓÄ¦è¤ÍÓ;;;;;;;;;;;;;x
c_vodamayutja_adj;ÆĞÍÓÄ¦è¤ÍÓ;vodamayutjane;;;;;;;;;;;;x
b_vodamayutja;ÆĞÍÓÄ¦è¤ÍÓ;;;;;;;;;;;;;x
b_ahichatra;°¢Ú­ÏÄ¶à;;;;;;;;;;;;;x
b_tilokpur;µÛÂå²¹ÂŞ;;;;;;;;;;;;;x
b_anwala;°¢ÍßÂŞ;;;;;;;;;;;;;x
b_bareily;ÆÅÀ×Àû;;;;;;;;;;;;;x
b_sheikhupur;Éáºî²¹ÂŞ;;;;;;;;;;;;;x
c_sambhal;ÈıÆÅÂŞ;;;;;;;;;;;;;x
c_sambhal_adj;ÈıÆÅÂŞ;sambhale;;;;;;;;;;;;x
b_sambhal;ÈıÆÅÂŞ;;;;;;;;;;;;;x
b_tattandapura;¶àÌ´ÍÓ²¹ÂŞ;;;;;;;;;;;;;x
b_ujhani;ÎÚÚ­Äá;;;;;;;;;;;;;x
b_amroha;°¢Ä·ÂŞºÕ;;;;;;;;;;;;;x
b_sirsi;Ï£¶ûÎ÷;;;;;;;;;;;;;x
b_bachhraon;ÆÅ²éÂŞ¶÷;;;;;;;;;;;;;x
c_katehar;½ÒÚĞÚ­ÂŞ;;;;;;;;;;;;;x
c_katehar_adj;½ÒÚĞÚ­ÂŞ;kateharane;;;;;;;;;;;;x
b_mandawar;ï÷µ×²¹ÂŞ;;;;;;;;;;;;;x
b_bijnor;Åş½ÜÅµ¶û;;;;;;;;;;;;;x
b_gangadvara;¸ÊÙ¤·¥ÂŞ;;;;;;;;;;;;;x
b_rishikesh;ÈğÊ«¿­Ê«;;;;;;;;;;;;;x
b_nehtaur;ÄÚ¶à¶û;;;;;;;;;;;;;x
b_kartikeyapura;Ù¤¶û¿­µÏÒ®²¹ÂŞ;;;;;;;;;;;;;x
b_jageshwar;ÉİË¹Íß;;;;;;;;;;;;;x
c_dadhipadra;ÍÓÌá²¨ÍÓÂŞ;;;;;;;;;;;;;x
c_dadhipadra_adj;ÍÓÌá²¨ÍÓÂŞ;dadhipadrane;;;;;;;;;;;;x
b_dadhipadra;ÍÓÌá²¨ÍÓÂŞ;;;;;;;;;;;;;x
b_pavagadh;²¨·¥Ù¤µÂ;;;;;;;;;;;;;x
b_champaner;ÉĞÅÓ;;;;;;;;;;;;;x
b_godhra;¸ê³ÖÂŞ;;;;;;;;;;;;;x
b_kalika_mata;Ù¤ÀûÙ¤ Ä¦¶à;;;;;;;;;;;;;x
b_jawad;ÉİÍßµÂ;;;;;;;;;;;;;x
c_dhara;ÍÓÂŞ;;;;;;;;;;;;;x
c_dhara_adj;ÍÓÂŞ;dhara;;;;;;;;;;;;x
b_dhara;ÍÓÂŞ;;;;;;;;;;;;;x
b_betma;²©Ä¦;;;;;;;;;;;;;x
b_dharampuri;Ú­ã¶²¹ÂŞ;;;;;;;;;;;;;x
b_indore;Ó¡¶à¶û;;;;;;;;;;;;;x
b_depalpur;µÂ²¨²¹ÂŞ;;;;;;;;;;;;;x
b_jobat;½¹ÆÅµÂ;;;;;;;;;;;;;x
b_sailana;ÈøÂŞÄÇ;;;;;;;;;;;;;x
c_dasapura;ÍÓæ¶²¹ÂŞ;;;;;;;;;;;;;x
c_dasapura_adj;ÍÓæ¶²¹ÂŞ;;;;;;;;;;;;;x
b_dasapura;ÍÓæ¶²¹ÂŞ;;;;;;;;;;;;;x
b_sondani;ËÕÍÓÄá;;;;;;;;;;;;;x
b_dharmrajeshwar;Ú­Ä¦ÂŞµoË¹Íß;;;;;;;;;;;;;x
b_hinglajgarh;ĞÁÂŞÙ¤¶û;;;;;;;;;;;;;x
b_taxakeshwar;¶à¿¦¿ËË¹Íß;;;;;;;;;;;;;x
c_ujjayini;Úùê^ÑÜÄÇ;;;;;;;;;;;;;x
c_ujjayini_adj;Úùê^ÑÜÄÇ;ujjayinie;;;;;;;;;;;;x
b_ujjayini;Úùê^ÑÜÄÇ;;;;;;;;;;;;;x
b_mahakaleshwar;Ä¦Ú­Ù¤ÀÕË¹Íß;;;;;;;;;;;;;x
b_mehidpur;Ã·Ï£µÂ²¹ÂŞ;;;;;;;;;;;;;x
b_dewas;µÂÍßË¹;;;;;;;;;;;;;x
b_maksi;Ä¦¿ËÎ÷;;;;;;;;;;;;;x
b_akodia;°¢¸êµÏÑÇ;;;;;;;;;;;;;x
c_sarangpur;ÈøÀã²¹ÂŞ;;;;;;;;;;;;;x
c_sarangpur_adj;ÈøÀã²¹ÂŞ;sarangpurane;;;;;;;;;;;;x
b_sarangpur;ÈøÀã²¹ÂŞ;;;;;;;;;;;;;x
b_ashta;°¢Ê²¶à;;;;;;;;;;;;;x
b_sidhhapur;Î÷Ú­²¹ÂŞ;;;;;;;;;;;;;x
b_gagraun;Ù¤ÂŞ¶÷;;;;;;;;;;;;;x
b_rajgarh;ÂŞÙ¤Ú­;;;;;;;;;;;;;x
b_jhalawar;ÉİÂŞÍß;;;;;;;;;;;;;x
c_vidisa;Åşµ×É³;;;;;;;;;;;;;x
c_vidisa_adj;Åşµ×É³;vidisa;;;;;;;;;;;;x
b_vidisa;Åşµ×É³;;;;;;;;;;;;;x
b_sanchi;É£Ö§;;;;;;;;;;;;;x
b_sironj;Ï£ÂŞÄÉ;;;;;;;;;;;;;x
b_bijamandal;±È¼ÓÂü´ï;;;;;;;;;;;;;x
b_raisin;ÂŞÉ®;;;;;;;;;;;;;x
b_bhojpur;²¨åÈ²¹ÂŞ;;;;;;;;;;;;;x
b_mangla_devi;ÃÅ¸ñÂŞ µÂ·¥;;;;;;;;;;;;;x
c_chanderi;ì¹ÌáÀæ;;;;;;;;;;;;;x
c_chanderi_adj;ì¹ÌáÀæ;chanderi;;;;;;;;;;;;x
b_chanderi;ì¹ÌáÀæ;;;;;;;;;;;;;x
b_jhansi;Õ¼Î÷;;;;;;;;;;;;;x
b_luacchagiri;Â¬åÈ¼ªÀû;;;;;;;;;;;;;x
b_garh_kundar;åÈ¶û ¹±ÍÓ¶û;;;;;;;;;;;;;x
b_jarai_ka_math;ÉİÂŞåÈÄ¦Ë¹;;;;;;;;;;;;;x
b_khurai;¿âÀµ;;;;;;;;;;;;;x
b_aharji;°¢Ú­¼ª;;;;;;;;;;;;;x
c_candhoba;ì¹¶¹ÆÅ;;;;;;;;;;;;;x
c_candhoba_adj;ì¹¶¹ÆÅ;candhobane;;;;;;;;;;;;x
b_candhoba;ì¹¶¹ÆÅ;;;;;;;;;;;;;x
b_sipri;Ë¹Åş;;;;;;;;;;;;;x
b_guna;¹ÅÄÇ;;;;;;;;;;;;;x
b_kadwaya;åÈ·¥Ò®;;;;;;;;;;;;;x
c_mandapika;ÂüÍÓÅşåÈ;;;;;;;;;;;;;x
c_mandapika_adj;ÂüÍÓÅşåÈ;mandapikane;;;;;;;;;;;;x
b_mandapika;ÂüÍÓÅşåÈ;;;;;;;;;;;;;x
b_bawangaja;ÆÅ·¥ÄÇåÈ;;;;;;;;;;;;;x
b_maheshwar;ÄªºÚÊ²ÎÖ¶û;;;;;;;;;;;;;x
b_borgarh;ÆÖåÈ¶û;;;;;;;;;;;;;x
b_avasgarh;°¢·¥åÈÂŞ;;;;;;;;;;;;;x
c_asirgarh;°¢Ë¹ÂŞÙ¤;;;;;;;;;;;;;x
c_asirgarh_adj;°¢Ë¹ÂŞÙ¤;asirgarh;;;;;;;;;;;;x
b_asirgarh;°¢Ë¹ÂŞÙ¤;;;;;;;;;;;;;x
b_khandwa;¿ÏµÂÍß;;;;;;;;;;;;;x
b_khargone;åÈ¸êÚ«;;;;;;;;;;;;;x
b_mandleshwar;ÃÅÄÚÈøÍß;;;;;;;;;;;;;x
b_sanawad;É£ÍßµÄ;;;;;;;;;;;;;x
c_burhanpur;²¼¶ûºº²¹ÂŞ;;;;;;;;;;;;;x
c_burhanpur_adj;²¼¶ûºº²¹ÂŞ;burhanpurane;;;;;;;;;;;;x
b_burhanpur;²¼¶ûºº²¹ÂŞ;;;;;;;;;;;;;x
b_erandol;°£Â×¶à¶û;;;;;;;;;;;;;x
b_vaghli;·¥åÈÀû;;;;;;;;;;;;;x
b_changdev;ì¹¶à·¥;;;;;;;;;;;;;x
b_yawal;Ò®Íß;;;;;;;;;;;;;x
c_thalner;ãËÂŞÄÚ;;;;;;;;;;;;;x
c_thalner_adj;ãËÂŞÄÚ;thalner;;;;;;;;;;;;x
b_thalner;ãËÂŞÄÚ;;;;;;;;;;;;;x
b_balasane;ÆÅÂŞæ¶ÄÚ;;;;;;;;;;;;;x
b_sindkheda;ĞÁµÂ¿­´ï;;;;;;;;;;;;;x
b_bhamer;ÆÅÄ¦¶û;;;;;;;;;;;;;x
b_jhodga;ÊâåÈ;;;;;;;;;;;;;x
b_laling;ÂŞÄá¶÷;;;;;;;;;;;;;x
b_amalner;°¢Ä¬¶ûÄÚ¶û;;;;;;;;;;;;;x
c_sarasvata_mandala;ÃîÒôÂüÍÓÂŞ;;;;;;;;;;;;;x
c_sarasvata_mandala_adj;ÃîÒô;sarasvatane;;;;;;;;;;;;x
b_anahilapataka;°¢ÄÇÚ­ÂŞ²¨ÍÓåÈ;;;;;;;;;;;;;x
b_vadnagar;ÆÅ¶àÄÇÙ¤ÂŞ;;;;;;;;;;;;;x
b_siddhapura;Ï¤´ï²¹ÂŞ;;;;;;;;;;;;;x
b_kamboika;¸Ê²¨åÈ;;;;;;;;;;;;;x
b_modhera;Ä¦Ú­ÂŞ;;;;;;;;;;;;;x
b_idar;ÒÁµÂ¶û;;;;;;;;;;;;;x
b_kheralu;Ú­ÂŞÂ¬;;;;;;;;;;;;;x
b_shertha;ÉáÍÓ;;;;;;;;;;;;;x
c_khetaka;ôÉ¶àåÈ;;;;;;;;;;;;;x
c_khetaka_adj;ôÉ¶àåÈ;khetakane;;;;;;;;;;;;x
b_khetaka;ôÉ¶àåÈ;;;;;;;;;;;;;x
b_khambhat;¿²±´;;;;;;;;;;;;;x
b_dholka;ÍÓ¶ûåÈ;;;;;;;;;;;;;x
b_tarapur;¶àÂŞ³Ç;;;;;;;;;;;;;x
b_ashaval;°¢Éá·¥;;;;;;;;;;;;;x
b_nadiad;ÄÇÌáµÂ;;;;;;;;;;;;;x
b_bhadran;²¨¶àÀ¼;;;;;;;;;;;;;x
b_sanand;É£¶÷µÂ;;;;;;;;;;;;;x
c_mohadavasaka;Ä²Ú­ÍÓÆÅæ¶åÈ;;;;;;;;;;;;;x
c_mohadavasaka_adj;Ä²Ú­ÍÓÆÅæ¶åÈ;mohadavasakane;;;;;;;;;;;;x
b_mohadavasaka;Ä²Ú­ÍÓÆÅæ¶åÈ;;;;;;;;;;;;;x
b_jhalod;Ñ®Â¬;;;;;;;;;;;;;x
b_lunawada;Â¬ÄÇÍßÍÓ;;;;;;;;;;;;;x
b_shamlaji;ÈøÂŞ¼ª;;;;;;;;;;;;;x
b_unjha;ÎÂÇ¡;;;;;;;;;;;;;x
b_danta;Ì´²¨;;;;;;;;;;;;;x
c_dhamalpur;ÍÓÄ¦ÂŞ²¹ÂŞ;;;;;;;;;;;;;x
c_dhamalpur_adj;ÍÓÄ¦ÂŞ²¹ÂŞ;dhamalpurane;;;;;;;;;;;;x
b_dhamalpur;ÍÓÄ¦ÂŞ²¹ÂŞ;;;;;;;;;;;;;x
b_morvi;Ä¦¶û±È;;;;;;;;;;;;;x
b_lakhota;ÂŞÚ­ÍÓ;;;;;;;;;;;;;x
b_halvad;¹ş¶ûÍß;;;;;;;;;;;;;x
b_khasta;åÈ¶à;;;;;;;;;;;;;x
c_dvaraka;´¹ÂŞÙ¤;;;;;;;;;;;;;x
c_dvaraka_adj;´¹ÂŞÙ¤;dvarakane;;;;;;;;;;;;x
b_dvaraka;´¹ÂŞÙ¤;;;;;;;;;;;;;x
b_lalpur;ÄÇ¶û²¹ÂŞ;;;;;;;;;;;;;x
b_dwarakadheesh;¶àÂŞåÈÚ­É³;;;;;;;;;;;;;x
b_gomati;¸êÄ¦µÙ;;;;;;;;;;;;;x
b_bhanvad;°ã°Ï;;;;;;;;;;;;;x
c_kutch;Æõß¸;;;;;;;;;;;;;x
c_kutch_adj;Æõß¸;;;;;;;;;;;;;x
b_kanthakota;¸Ê¶à‘x¶à;;;;;;;;;;;;;x
b_anjar;°¢åÈ¶û;;;;;;;;;;;;;x
b_dhaneti;ÍÓÄÚÌá;;;;;;;;;;;;;x
b_bhuj;ÆÕ½Ü;;;;;;;;;;;;;x
c_bhumilka;ÆĞÃÖÙ¤;;;;;;;;;;;;;x
c_bhumilka_adj;ÆĞÃÖÙ¤;;;;;;;;;;;;;x
b_vamanasthali;·¥Ä¦ÄÇ¶àÀû;;;;;;;;;;;;;x
b_bhumilka;ÆĞÃÖÙ¤;;;;;;;;;;;;;x
b_girnar;¼ª¶ûÄÉ¶û;;;;;;;;;;;;;x
b_uperkot;ÎÚ·Í‘x;;;;;;;;;;;;;x
b_bhavnat;°ãÄÇÌØ;;;;;;;;;;;;;x
b_mangrol;ÃÅÂŞ¶û;;;;;;;;;;;;;x
b_shrinagar;Ë¹ÀûÄÇ¼Ó;;;;;;;;;;;;;x
c_somnath;ĞëÃÅÄÇ;;;;;;;;;;;;;x
c_somnath_adj;ĞëÃÅÄÇ;somnath;;;;;;;;;;;;x
b_vejalkot;·¥åÈ‘x;;;;;;;;;;;;;x
b_somnath;ĞëÃÅÄÇ;;;;;;;;;;;;;x
b_delvada;Ìá·¥ÍÓ;;;;;;;;;;;;;x
b_diu;ÌáÎÚ;;;;;;;;;;;;;x
b_veraval;Î¤À­ÎÖ¶û;;;;;;;;;;;;;x
b_kanjetar;¸ÊµoÍÓ;;;;;;;;;;;;;x
b_moherak;Ä¦Ú­ÂŞ¿¨;;;;;;;;;;;;;x
c_vardhamana;·¤ÍÓÄ¦ÄÇ;;;;;;;;;;;;;x
c_vardhamana_adj;·¤ÍÓÄ¦ÄÇ;vardhamana;;;;;;;;;;;;x
b_vardhamana;·¤ÍÓÄ¦ÄÇ;;;;;;;;;;;;;x
b_amarvalli;°¢Ä¦·¥Àæ;;;;;;;;;;;;;x
b_ranpur;À¼²¹ÂŞ;;;;;;;;;;;;;x
c_valabhi;·¥À°Åş;;;;;;;;;;;;;x
c_valabhi_adj;·¥À°Åş;valabhi;;;;;;;;;;;;x
b_valabhi;·¥À°Åş;;;;;;;;;;;;;x
b_gundigar;¹ÅµÙåÈ;;;;;;;;;;;;;x
b_sihor;Îı»ô¶û;;;;;;;;;;;;;x
b_palatina;²¨ÂŞÌáÄÇ;;;;;;;;;;;;;x
b_shatrunjaya;É³²éåÈÒ®;;;;;;;;;;;;;x
b_dhandhuka;ëøÍ¼¼Ó;;;;;;;;;;;;;x
c_navasarika;ÄÇÆÅÈøÀûåÈ;;;;;;;;;;;;;x
c_navasarika_adj;ÄÇÆÅÈøÀûåÈ;navasarikane;;;;;;;;;;;;x
b_akruresvara;°¢¹±Â³ÆÈøÂŞ;;;;;;;;;;;;;x
b_navasarika;ÄÇÆÅÈøÀûåÈ;;;;;;;;;;;;;x
b_bharuch;²¼ÂŞÆæ;;;;;;;;;;;;;x
b_surat;ËÕÀ­ÌØ;;;;;;;;;;;;;x
b_rander;À¼¶à¶û;;;;;;;;;;;;;x
b_dharampur;´ïÀ¼²¹ÂŞ;;;;;;;;;;;;;x
b_variav;·¥ÀïÍß;;;;;;;;;;;;;x
b_rajpipla;ÂŞ¼ªÆÅÅşÂŞ;;;;;;;;;;;;;x
b_tadkeshwar;´ïÒåÊªÍß;;;;;;;;;;;;;x
c_daman;ê¼ÃÅ;;;;;;;;;;;;;x
c_daman_adj;ê¼ÃÅ;;;;;;;;;;;;;x
b_daman;ê¼ÃÅ;;;;;;;;;;;;;x
b_sanjan;ÄÉ¼Ó¶û;;;;;;;;;;;;;x
b_surparaka;ËÕ¶ûÅÁÀ­¼Ó;;;;;;;;;;;;;x
b_nagar_haveli;ÄÇåÈ Ú­·¥Äá;;;;;;;;;;;;;x
b_pardi;²¨¶ûÌá;;;;;;;;;;;;;x
b_bulsar;²¹Èø¶û;;;;;;;;;;;;;x
b_ramnagar;À­Ä·ÄÇåÈ;;;;;;;;;;;;;x
c_vadodara;ÆÅ¶¹ÍÓÂŞ;;;;;;;;;;;;;x
c_vadodara_adj;ÆÅ¶¹ÍÓÂŞ;;;;;;;;;;;;;x
b_vadodara;ÆÅ¶¹ÍÓÂŞ;;;;;;;;;;;;;x
b_ankotakka;°²‘x¶àåÈ;;;;;;;;;;;;;x
b_kayavarohan;åÈÒ®·¥Â¬º¹;;;;;;;;;;;;;x
b_vatpatrak;°Ï²¨ÂŞ;;;;;;;;;;;;;x
b_darbhavati;ÍÓÆÅÚ­·¥Ìá;;;;;;;;;;;;;x
b_nasvadi;ÄÇÈøµÏ;;;;;;;;;;;;;x
c_mandavyapura;ÂüÍÓÅşÒ®²¹ÂŞ;;;;;;;;;;;;;x
c_mandavyapura_adj;ÂüÍÓÅşÒ®²¹ÂŞ;;;;;;;;;;;;;x
b_mandavyapura;ÂüÍÓÅşÒ®²¹ÂŞ;;;;;;;;;;;;;x
b_siwana;Ë¹ÍßÄÇ;;;;;;;;;;;;;x
b_osian;ÎÚÉº;;;;;;;;;;;;;x
b_sanderaka;É£ÌäÂŞåÈ;;;;;;;;;;;;;x
b_korta;‘x¶à;;;;;;;;;;;;;x
b_mathania;Ä¦Ì´ÑÇ;;;;;;;;;;;;;x
b_ghanerao;åÈÄÚÂŞ;;;;;;;;;;;;;x
c_medantaka;ÃÖÌ´¶àÙ¤;;;;;;;;;;;;;x
c_medantaka_adj;ÃÖÌ´¶àÙ¤;medantakane;;;;;;;;;;;;x
b_medantaka;ÃÖÌ´¶àÙ¤;;;;;;;;;;;;;x
b_purnatallakapura;²¹ÄÇ¶àÂŞåÈ²¹ÂŞ;;;;;;;;;;;;;x
b_phalarddhi;²¨ÂŞÆÅÌá;;;;;;;;;;;;;x
b_sanjoo;É£êÈ;;;;;;;;;;;;;x
c_godwad;‘xÂŞÆÅÂŞ;;;;;;;;;;;;;x
c_godwad_adj;‘xÂŞÆÅÂŞ;godwadane;;;;;;;;;;;;x
b_candravati;ì¹ÍÓÂŞÆÅÌá;;;;;;;;;;;;;x
b_bhillamala;ÅşÂŞÄ¦ÂŞ;;;;;;;;;;;;;x
b_jalor;åÈÂ¬¶û;;;;;;;;;;;;;x
b_barodiya;ÆÅÂ¬µÙÒ®;;;;;;;;;;;;;x
b_achalgarh;°¢ì¹ÂŞåÈ;;;;;;;;;;;;;x
b_naddula;ÄÇİËÂŞ;;;;;;;;;;;;;x
b_khudala;ÇğÍÓÂŞ;;;;;;;;;;;;;x
c_vikramapura;ÅşåÈÂŞÄ¦²¹ÂŞ;;;;;;;;;;;;;x
c_vikramapura_adj;ÅşåÈÂŞÄ¦²¹ÂŞ;vikramapurane;;;;;;;;;;;;x
b_vikramapura;ÅşåÈÂŞÄ¦²¹ÂŞ;;;;;;;;;;;;;x
b_kolayat;‘xÂŞÒ®;;;;;;;;;;;;;x
b_bhurupal;¸¡Â¬ÆÅ;;;;;;;;;;;;;x
b_bhandasar;°ãÍÓÈø;;;;;;;;;;;;;x
b_shekhsar;ÉáåÈ¶û;;;;;;;;;;;;;x
c_reni;ÀæÄá;;;;;;;;;;;;;x
c_reni_adj;ÀæÄá;;;;;;;;;;;;;x
b_reni;ÀæÄá;;;;;;;;;;;;;x
b_dadrewa;ÍÓ¶àÍß;;;;;;;;;;;;;x
b_mandir;ÂüÌá¶û;;;;;;;;;;;;;x
b_bidasar;ÅşÍÓæ¶;;;;;;;;;;;;;x
b_sidhmukh;Ë¹µÄÄ¦¿¨;;;;;;;;;;;;;x
c_nagauda;ÄÇÇÇÙ¢;;;;;;;;;;;;;x
c_nagauda_adj;ÄÇÇÇÙ¢;nagaudane;;;;;;;;;;;;x
b_ahichhatrapur;°¢Î÷¹şÌØÂŞÆÅ;;;;;;;;;;;;;x
b_nagauda;ÄÇÇÇÙ¢;;;;;;;;;;;;;x
b_ladnu;ÂŞÅ¬;;;;;;;;;;;;;x
b_makrana;Ä¦ÂŞÄÇ;;;;;;;;;;;;;x
b_ladnun;ÂŞÅ¬¶÷;;;;;;;;;;;;;x
b_kuchaman;¹Å¼Ö;;;;;;;;;;;;;x
b_mundwa;ÃÉµÂÀ­;;;;;;;;;;;;;x
c_ludrava;ÂÉÍÓÂŞÆÅ;;;;;;;;;;;;;x
c_ludrava_adj;ÂÉÍÓÂŞÆÅ;ludravane;;;;;;;;;;;;x
b_ludrava;ÂÉÍÓÂŞÆÅ;;;;;;;;;;;;;x
b_phalavardhika;ÅÁÂŞÆÅµÏåÈ;;;;;;;;;;;;;x
b_lanela;ÂŞÄÚÂŞ;;;;;;;;;;;;;x
b_jaisalmer;¼ÖÉ³Ã·¶û;;;;;;;;;;;;;x
b_pali;²¨Äá;;;;;;;;;;;;;x
c_vijnot;ÅşÕßÅ¬¶à;;;;;;;;;;;;;x
c_vijnot_adj;ÅşÕßÅ¬¶à;;;;;;;;;;;;;x
b_vijnot;ÅşÕßÅ¬¶à;;;;;;;;;;;;;x
b_bhatiya;°ãÌáÒ®;;;;;;;;;;;;;x
b_kishangarh;¼ªÉê¸ñ¶û;;;;;;;;;;;;;x
b_ghotki;¿ÆµÂ¼ª;;;;;;;;;;;;;x
c_satyapura;ÊµÓĞ³Ç;;;;;;;;;;;;;x
c_satyapura_adj;ÊµÓĞ³Ç;;;;;;;;;;;;;x
b_kiratakupa;¼ªÂŞ¶à¾ß²¨;;;;;;;;;;;;;x
b_satyapura;ÊµÓĞ³Ç;;;;;;;;;;;;;x
b_kiradu;¼ªÂŞİË;;;;;;;;;;;;;x
b_juna_barmer;ÖÜÄÇ ÆÅÄ¦¶û;;;;;;;;;;;;;x
c_medapata;ÃÜÍÓ²¨¶à;;;;;;;;;;;;;x
c_medapata_adj;ÃÜÍÓ²¨¶à;medapatane;;;;;;;;;;;;x
b_aghata;°¢åÈÉ´;;;;;;;;;;;;;x
b_eklingji;°£¸ñÁé¼ª;;;;;;;;;;;;;x
b_nagahrada;ÄÇåÈÂŞÍÓ;;;;;;;;;;;;;x
b_bagar;ÆÅåÈ¶û;;;;;;;;;;;;;x
b_jagadamba;åÈ¸Êµ¤ÆÅ;;;;;;;;;;;;;x
b_sas_bahu;É´Ë¹ ÆÅºî;;;;;;;;;;;;;x
b_rishabhdeo;ÀûÉá²¼µÄ;;;;;;;;;;;;;x
c_chitrakut;ÖÆ¶àÂŞÉ½;;;;;;;;;;;;;x
c_chitrakut_adj;ÖÆ¶àÂŞÉ½;;;;;;;;;;;;;x
b_chitrakut;ÖÆ¶àÂŞÉ½;;;;;;;;;;;;;x
b_rampura;À¼²¹ÂŞ;;;;;;;;;;;;;x
b_baroli;ÆÅÂ¬Àû;;;;;;;;;;;;;x
b_bhainsrorgarh;°İ¶÷Ë¹ÂŞ¼Ó¶û;;;;;;;;;;;;;x
b_mandalgarh;Âü´ï¶û¼Ó¶û;;;;;;;;;;;;;x
b_nagari;ÄÇåÈÀû;;;;;;;;;;;;;x
c_kota;‘x¶à;;;;;;;;;;;;;x
c_kota_adj;‘x¶à;;;;;;;;;;;;;x
b_kota;‘x¶à;;;;;;;;;;;;;x
b_koshvardhan;¿ËÈøÍß´ï;;;;;;;;;;;;;x
b_bundi;±¾µÏ;;;;;;;;;;;;;x
b_taragarh;´ïÀ­¸ñ¶û;;;;;;;;;;;;;x
c_ajayameru;°¢ê^Ò®ÃÖÂ¬;;;;;;;;;;;;;x
c_ajayameru_adj;°¢ê^Ò®ÃÖÂ¬;ajayameru;;;;;;;;;;;;x
b_shakambhari;Éá¸ÊÆÅÄá;;;;;;;;;;;;;x
b_pushkar;ÆÕÊ²¿¨;;;;;;;;;;;;;x
b_ajayameru;°¢ê^Ò®ÃÖÂ¬;;;;;;;;;;;;;x
b_dhanop;Ì´Å¬;;;;;;;;;;;;;x
b_nareli;ÄÉÄÚÀï;;;;;;;;;;;;;x
b_lawah;ÂŞÍß¹ş;;;;;;;;;;;;;x
c_ranthambore;ÂŞÄÇÊªê¼ÆÅ²¹ÂŞ;;;;;;;;;;;;;x
c_ranthambore_adj;ÂŞÄÇÊªê¼ÆÅ²¹ÂŞ;;;;;;;;;;;;;x
b_ranthambore;ÂŞÄÇÊªê¼ÆÅ²¹ÂŞ;;;;;;;;;;;;;x
b_gangapur;¸ÊåÈ²¹ÂŞ;;;;;;;;;;;;;x
b_tonkra;Í¨¿¨;;;;;;;;;;;;;x
b_utgir;ÎÚµÂ¼ª¶û;;;;;;;;;;;;;x
b_mandrael;ÃÅµÄÂŞ¶û;;;;;;;;;;;;;x
b_sheopur;Ğ»°Â²¹ÂŞ;;;;;;;;;;;;;x
c_vairata;·ÍÂŞ¶à;;;;;;;;;;;;;x
c_vairata_adj;·ÍÂŞ¶à;vairatane;;;;;;;;;;;;x
b_harshnath;¹şÉ³ÄÇ;;;;;;;;;;;;;x
b_vairata;·ÍÂŞ¶à;;;;;;;;;;;;;x
b_sanganer;É£¸ñÄÚ¶û;;;;;;;;;;;;;x
b_amer;°¢Ä«¶û;;;;;;;;;;;;;x
b_dhosi;¶¼Ë¹;;;;;;;;;;;;;x
b_jhunjhunu;¾ù¾ùÎÚ¶÷;;;;;;;;;;;;;x
b_jeenmata;µoÄ¦¶à;;;;;;;;;;;;;x
b_khatushyam;½Ò¶¼ÊÍÄ·;;;;;;;;;;;;;x
c_debul;Ìá²¼¶û;;;;;;;;;;;;;x
c_debul_adj;Ìá²¼¶û;debul;;;;;;;;;;;;x
b_debul;Ìá²¼¶û;;;;;;;;;;;;;x
b_banbhore;°ß²¨¶û;;;;;;;;;;;;;x
b_landhi;À¼µÙÏ£;;;;;;;;;;;;;x
b_thatta;Ëş´ï;;;;;;;;;;;;;x
b_makli;Ä¦¿ÂÄá;;;;;;;;;;;;;x
b_shahbandar;Éá°ãÍÓ;;;;;;;;;;;;;x
b_kolachi;‘xÂŞÖ§;;;;;;;;;;;;;x
b_lari_bandar;ÂŞÀû °ãÍÓ;;;;;;;;;;;;;x
c_sonda;ËïÙ¢;;;;;;;;;;;;;x
c_sonda_adj;ËïÙ¢;sonda;;;;;;;;;;;;x
b_sonda;ËïÙ¢;;;;;;;;;;;;;x
b_nagarparkar;ÄÇåÈ²¨åÈ;;;;;;;;;;;;;x
b_karoonjar;åÈÂ¬¶÷Éİ;;;;;;;;;;;;;x
b_amarkot;°¢ÄªÇÇÌØ;;;;;;;;;;;;;x
b_mamhal;ÃÉÚ­¶û;;;;;;;;;;;;;x
b_matli;ï÷Äá;;;;;;;;;;;;;x
b_badin;ÆÅ³Â;;;;;;;;;;;;;x
c_mansura;ÂüËÕÀ­;;;;;;;;;;;;;x
c_mansura_adj;ÂüËÕÀ­;mansurane;;;;;;;;;;;;x
b_mansura;ÂüËÕÀ­;;;;;;;;;;;;;x
b_mirpur_khas;ÃÖ²¹ÂŞ åÈË¹;;;;;;;;;;;;;x
b_hala;Ú­ÂŞ;;;;;;;;;;;;;x
b_nerunkot;ÄÚÀ¼ÇÇÌØ;;;;;;;;;;;;;x
b_matiari;Ä¦Ìá°¢Àû;;;;;;;;;;;;;x
b_nasarpur;ÄÇÈø²¹ÂŞ;;;;;;;;;;;;;x
b_mirman;Ã×¶ûÂü;;;;;;;;;;;;;x
c_ranikot;À¼Äá¿ÆÌØ;;;;;;;;;;;;;x
c_ranikot_adj;À¼Äá¿ÆÌØ;ranikotane;;;;;;;;;;;;x
b_ranikot;À¼Äá¿ÆÌØ;;;;;;;;;;;;;x
b_sharusan;ÉáÂ¥É£;;;;;;;;;;;;;x
b_paat;²¨ÂŞ;;;;;;;;;;;;;x
b_khudabad;ÇğÍÓ°Ï;;;;;;;;;;;;;x
b_manhabari;ÂüÚ­ÆÅÄá;;;;;;;;;;;;;x
b_jandar;Ñ®ÍÓ;;;;;;;;;;;;;x
c_siwistan;ÊÒÅşÊªÌ´ÄÇ;;;;;;;;;;;;;x
c_siwistan_adj;ÊÒÅşÊªÌ´ÄÇ;;;;;;;;;;;;;x
b_siwistan;ÊÒÅşÊªÌ´ÄÇ;;;;;;;;;;;;;x
b_dahlilah;ÍÓÀæÂŞÄÇ;;;;;;;;;;;;;x
b_mir_rukan;ÃÖ¶û Â¥Ç¬;;;;;;;;;;;;;x
b_guja;¹ÅÉİ;;;;;;;;;;;;;x
b_vicalapura;ÅşÕÚÂŞ²¹ÂŞ;;;;;;;;;;;;;x
c_bhakkar;°Í¿¨¶û;;;;;;;;;;;;;x
c_bhakkar_adj;°Í¿¨¶û;bhakkare;;;;;;;;;;;;x
b_bhakkar;°Í¿¨¶û;;;;;;;;;;;;;x
b_larkana;À­¿¨ÄÉ;;;;;;;;;;;;;x
b_sarkara;É·¸îÁî;;;;;;;;;;;;;x
b_kalari;¿¨À­Àï;;;;;;;;;;;;;x
b_shikarpur;Ï£¿¨²¹ÂŞ;;;;;;;;;;;;;x
c_aror;°¢Â¬Àæ;;;;;;;;;;;;;x
c_aror_adj;°¢Â¬Àæ;arore;;;;;;;;;;;;x
b_aror;°¢Â¬Àæ;;;;;;;;;;;;;x
b_sukkur;ËÕ¿â¶û;;;;;;;;;;;;;x
b_basmak;°ÍË¹Âí¿Ë;;;;;;;;;;;;;x
b_siraj_ji_takri;Ë¹Àû¼Ó-¼ª-Ëş¿ËÀï;;;;;;;;;;;;;x
b_allah_abad;°¢À­ °¢°ÍµÂ;;;;;;;;;;;;;x
c_rajanpur;ÂŞÑ®²¹ÂŞ;;;;;;;;;;;;;x
c_rajanpur_adj;ÂŞÑ®²¹ÂŞ;;;;;;;;;;;;;x
b_rajanpur;ÂŞÑ®²¹ÂŞ;;;;;;;;;;;;;x
b_rojhan;ÂŞÉê;;;;;;;;;;;;;x
b_adhiwala;´úÏ£ÍßÀÕ;;;;;;;;;;;;;x
b_harrand;¹şÀ¼µÂ;;;;;;;;;;;;;x
b_dajal;ÍÓåÈ;;;;;;;;;;;;;x
c_sibi;Ê¬Åş;;;;;;;;;;;;;x
c_sibi_adj;Ê¬Åş;;;;;;;;;;;;;x
b_sibi;Ê¬Åş;;;;;;;;;;;;;x
b_mastanj;ÂíË¹Ì¹åÈ;;;;;;;;;;;;;x
b_walishtan;ÍßÀûË¹Ì¹;;;;;;;;;;;;;x
b_dadhar;´ï¹ş¶û;;;;;;;;;;;;;x
c_multan;Ä¾¶ûÌ¹;;;;;;;;;;;;;x
c_multan_adj;Ä¾¶ûÌ¹;multane;;;;;;;;;;;;x
b_multan;Ä¾¶ûÌ¹;;;;;;;;;;;;;x
b_mulasthana;Ã¯ÂŞÈı²¿Â¬;;;;;;;;;;;;;x
b_kabirwala;¿¨±ÈÍßÀ­;;;;;;;;;;;;;x
b_tulamba;Í¼À¼°Í;;;;;;;;;;;;;x
b_prahladpuri;ÅÁÀ­¹şÀ­ÆÕÀï;;;;;;;;;;;;;x
b_alipur;°¢Àï²¹ÂŞ;;;;;;;;;;;;;x
b_makhdum_rashid;Âê¹şÍ¼Ä¾ À­Ï£µÂ;;;;;;;;;;;;;x
c_kafirkot;¿¨·Æ¶û¿ÆÌØ;;;;;;;;;;;;;x
c_kafirkot_adj;¿¨·Æ¶û¿ÆÌØ;kafirkot;;;;;;;;;;;;x
b_kafirkot;¿¨·Æ¶û¿ÆÌØ;;;;;;;;;;;;;x
b_malot;ÂíÅµÌØ;;;;;;;;;;;;;x
b_bilot;±ÈÅµÌØ;;;;;;;;;;;;;x
b_maniot;ÂíÄáÚ­ÌØ;;;;;;;;;;;;;x
b_dera_ghazi_khan;µÂÀ­¼Ó¼Ãº¹;;;;;;;;;;;;;x
c_uch;ÚùÖ¬;;;;;;;;;;;;;x
c_uch_adj;ÚùÖ¬;uche;;;;;;;;;;;;x
b_uch;ÚùÖ¬;;;;;;;;;;;;;x
b_chachran;¿¨¿ËÀ¼;;;;;;;;;;;;;x
b_mithankot;Ã×Ì¹¿ÆÌØ;;;;;;;;;;;;;x
b_derawar;µÂÀ­Íß;;;;;;;;;;;;;x
b_chaudari;¿¨´ïÀû;;;;;;;;;;;;;x
b_sitpur;ÎıµÂ²¹ÂŞ;;;;;;;;;;;;;x
c_karur;Ù¤Â¬ÂŞ;;;;;;;;;;;;;x
c_karur_adj;Ù¤Â¬ÂŞ;;;;;;;;;;;;;x
b_karur;Ù¤Â¬ÂŞ;;;;;;;;;;;;;x
b_askhanda;°¢Ë¹¿²´ï;;;;;;;;;;;;;x
b_vehari;Î¬¹şÀï;;;;;;;;;;;;;x
b_chishtian;¿ËÀïË¹Ì¹;;;;;;;;;;;;;x
b_marot;Ä¬ÂŞµÂ;;;;;;;;;;;;;x
c_karor;åÈÂ¬ÂŞ;;;;;;;;;;;;;x
c_karor_adj;åÈÂ¬ÂŞ;karore;;;;;;;;;;;;x
b_karor;åÈÂ¬ÂŞ;;;;;;;;;;;;;x
b_mankera;ÃÅ¸ÇÀ­;;;;;;;;;;;;;x
b_shadia;É³µÏÑÇ;;;;;;;;;;;;;x
b_wan_bhachran;Íß °Í²éÀ¼;;;;;;;;;;;;;x
c_bannu;°ãÅ«;;;;;;;;;;;;;x
c_bannu_adj;°ãÅ«;bannu;;;;;;;;;;;;x
b_bannu;°ãÅ«;;;;;;;;;;;;;x
b_hangu;ºº¹Å;;;;;;;;;;;;;x
b_karrak;¿¨À­¿Ë;;;;;;;;;;;;;x
b_kohat;¿Æ¹şÌØ;;;;;;;;;;;;;x
b_dinkot;µË¿ÆÌØ;;;;;;;;;;;;;x
b_kalabagh;¼ÓÀ­²®¿Ë;;;;;;;;;;;;;x
c_lahur;ÂŞÆÅ²¹ÂŞ;Lahore;;;;;;;;;;;;x
c_lahur_adj;ÂŞÆÅ²¹ÂŞ;lahoraise;;;;;;;;;;;;x
b_lahur;ÂŞÆÅ²¹ÂŞ;;;;;;;;;;;;;x
b_sangla;É£¸ñÀ­;;;;;;;;;;;;;x
b_kasur;¿¨ËÕ¶û;;;;;;;;;;;;;x
b_samnabad;ÈøÄ·ÄÇ°ÍµÂ;;;;;;;;;;;;;x
b_mehdiabad;ÂõºÕµÏÒ®°ÍµÂ;;;;;;;;;;;;;x
b_chunian;³şÀï°²;;;;;;;;;;;;;x
b_data_darbar;´ïËş ´ï°Í¶û;;;;;;;;;;;;;x
c_dipalpur;Ìá²¨²¹ÂŞ;;;;;;;;;;;;;x
c_dipalpur_adj;Ìá²¨²¹ÂŞ;dipalpure;;;;;;;;;;;;x
b_pancapura;ÅÔÕÚ²¹ÂŞ;;;;;;;;;;;;;x
b_dipalpur;Ìá²¨²¹ÂŞ;;;;;;;;;;;;;x
b_abohar;°¢²©ºÕ¶û;;;;;;;;;;;;;x
b_ajodhan;°¢ÇÇµÄº¹;;;;;;;;;;;;;x
b_satghara;ÈøÌØåÈÀ­;;;;;;;;;;;;;x
b_chichawatni;Ææ²éÍßÄá;;;;;;;;;;;;;x
c_bhera;·ÍÂŞ;;;;;;;;;;;;;x
c_bhera_adj;·ÍÂŞ;bherane;;;;;;;;;;;;x
b_bhera;·ÍÂŞ;;;;;;;;;;;;;x
b_rampur;ÈğÄ¾ÆÄ;;;;;;;;;;;;;x
b_katasraj;ÀáÑÛ;;;;;;;;;;;;;x
b_girjakh;¼ªåÈ¿¨;;;;;;;;;;;;;x
b_behak_maken;±´¹ş¿Ë Âí¿Ï;;;;;;;;;;;;;x
b_phalia;·ÑÀïÑÇ;;;;;;;;;;;;;x
c_shorkot;ÉÜ¿ÆÌØ;;;;;;;;;;;;;x
c_shorkot_adj;ÉÜ¿ÆÌØ;shorkote;;;;;;;;;;;;x
b_bhirr;°à¶û;;;;;;;;;;;;;x
b_shorkot;ÉÜ¿ÆÌØ;;;;;;;;;;;;;x
b_kamalia;¿¨ÂíÀ­;;;;;;;;;;;;;x
b_chandrod;²éµÂÂŞµÄ;;;;;;;;;;;;;x
b_bhawana;°Í¹şÍßÄÇ;;;;;;;;;;;;;x
b_jhang;ÕÂ;;;;;;;;;;;;;x
b_rabwah;À­²¼Íß;;;;;;;;;;;;;x
c_sakala;ÉİôÉÂŞ;;;;;;;;;;;;;x
c_sakala_adj;ÉİôÉÂŞ;sakalane;;;;;;;;;;;;x
b_sakala;ÉİôÉÂŞ;;;;;;;;;;;;;x
b_jammu;²éÚÓ;;;;;;;;;;;;;x
b_bhuttar;ÆÕ¶à¶û;;;;;;;;;;;;;x
b_bahu;°Íºú;;;;;;;;;;;;;x
b_vallapura;ÆÅÂŞ²¹ÂŞ;;;;;;;;;;;;;x
b_puran_nagar;ÆÕÀ¼ ÄÇÙ¤ÂŞ;;;;;;;;;;;;;x
b_pasrur;ÅÁÈøÂ³¶û;;;;;;;;;;;;;x
c_trigarta;ÈıÑ¨;;;;;;;;;;;;;x
c_trigarta_adj;ÈıÑ¨;trigartane;;;;;;;;;;;;x
b_jalandhar;¼ÖÀÊ´ï¶û;;;;;;;;;;;;;x
b_kahlur;¼ÖÂŞ¶û;;;;;;;;;;;;;x
b_rahon;À­ºà;;;;;;;;;;;;;x
b_pathankot;ÅÁÌ¹¿ÆÌØ;;;;;;;;;;;;;x
b_kaparthula;¿¨²¹ÂŞËşÀ­;;;;;;;;;;;;;x
b_milwat;ÃÜÍßÌØ;;;;;;;;;;;;;x
b_sarwmanpur;ÈöÂü²¹ÂŞ;;;;;;;;;;;;;x
b_kangra;¿²¸ñÀ­;;;;;;;;;;;;;x
c_gurjaratra;öÄÕÛÂŞ¶àÂŞ;Gurjaratra;;;;;;;;;;;;x
c_gurjaratra_adj;öÄÕÛÂŞ¶àÂŞ;gurjaratrane;;;;;;;;;;;;x
b_gurjaratra;öÄÕÛÂŞ¶àÂŞ;Gurjaratra;;;;;;;;;;;;x
b_jhelum;½ÜºÕÀÕÄ·;;;;;;;;;;;;;x
b_kharian;¼ÖÀï°²;;;;;;;;;;;;;x
b_kunjah;¹±åÈ;;;;;;;;;;;;;x
b_hakla;¹ş¿¨À­;;;;;;;;;;;;;x
b_tibbi;ÌáÅş;;;;;;;;;;;;;x
b_karianwala;¼ÓÀû°²ÍßÀ­;;;;;;;;;;;;;x
b_bhaddar;ÆÅÍÓ;;;;;;;;;;;;;x
c_udabhanda;ÓÅ¶à°ãÍÓ;;;;;;;;;;;;;x
c_udabhanda_adj;ÓÅ¶à°ãÍÓ;udabhandane;;;;;;;;;;;;x
b_udabhanda;ÓÅ¶à°ãÍÓ;;;;;;;;;;;;;x
b_charsada;å§´ï;;;;;;;;;;;;;x
b_oddiyana;ÎÚÜÉ;;;;;;;;;;;;;x
b_attak;°¢Ëş¿Ë;;;;;;;;;;;;;x
b_mankiala;ÃÅ¼ªÑÇÂŞ;;;;;;;;;;;;;x
b_rawal;À­Íß¶û;;;;;;;;;;;;;x
b_ohind;°ÂÏ£µÂ;;;;;;;;;;;;;x
c_purushapura;·ğÂ¥É³;;;;;;;;;;;;;x
c_purushapura_adj;·ğÂ¥É³;purushapurane;;;;;;;;;;;;x
b_purushapura;·ğÂ¥É³;;;;;;;;;;;;;x
b_shah_ji_dheri;É³-¼ª-Ğ»Àï;;;;;;;;;;;;;x
b_nowshera;è§Ğ»À­;;;;;;;;;;;;;x
b_ali_masjid;°¢ÀïÇåÕæËÂ;;;;;;;;;;;;;x
b_bajaur;°Í½¹¶û;;;;;;;;;;;;;x
b_mardan;Âí¶ûµ¤;;;;;;;;;;;;;x
b_shergarh;Ğ»¶û¸ñ¶û;;;;;;;;;;;;;x
c_nandana;ÄÑÍÓÄÇ;;;;;;;;;;;;;x
c_nandana_adj;ÄÑÍÓÄÇ;nandana;;;;;;;;;;;;x
b_nandana;»¶Ï²Ô°;;;;;;;;;;;;;x
b_hund;ºòµÂ;;;;;;;;;;;;;x
b_lund2;Â×µÂ;;;;;;;;;;;;;x
b_simhapura;É®Ú­²¹ÂŞ;;;;;;;;;;;;;x
b_khushab;¿âÉ³²¼;;;;;;;;;;;;;x
b_tulaja;ÍÓÂŞÉİ;;;;;;;;;;;;;x
b_khewra;¿­ÎÖÀ­;;;;;;;;;;;;;x
c_kasmira;åÈÊªÃÖÂŞ;;;;;;;;;;;;;x
c_kasmira_adj;åÈÊªÃÖÂŞ;kasmirane;;;;;;;;;;;;x
b_srinagara;¼ªÏéÌì³Ç;;;;;;;;;;;;;x
b_shankaracharya;ÉÌôÉÂŞ²é¶ûÑÅ;;;;;;;;;;;;;x
b_parihasapura;²¨ÀûÚ­æ¶²¹ÂŞ;;;;;;;;;;;;;x
b_padmapura;¸¡Ä¦²¹ÂŞ;;;;;;;;;;;;;x
b_loharakota;ÂŞ°¢ÄÇÇÇ¶à;;;;;;;;;;;;;x
b_amaresvara;°¢ÂêÈøÍßÀ­;;;;;;;;;;;;;x
b_baghsar;ÆÅ¼ªÈø¶û;;;;;;;;;;;;;x
c_nagadipa;ÄÇåÈµº;;;;;;;;;;;;;x
c_nagadipa_adj;ÄÇåÈµº;nagadipane;;;;;;;;;;;;x
b_sukaratittha;ĞëåÈÂŞÌá¶à;;;;;;;;;;;;;x
b_yapapatuna;Ò®²¨²¨¶¼ÄÇ;;;;;;;;;;;;;x
b_vallipuram;ÆÅÀû¸¡À¼;;;;;;;;;;;;;x
b_nallur;Ú«Â¬¶û;;;;;;;;;;;;;x
b_nainativu;ÄÎÄÉµº;;;;;;;;;;;;;x
c_phiti;ÅşõµÌá;;;;;;;;;;;;;x
c_phiti_adj;ÅşõµÌá;pihiti;;;;;;;;;;;;x
b_anuradhapura;°¢Å¬À­µÂ²¹ÂŞ;;;;;;;;;;;;;x
b_atamasthana;¶àÄ¦ÈøÚ­ÄÇ;;;;;;;;;;;;;x
b_mahatittha;´ó°¶´å;;;;;;;;;;;;;x
b_punkhagama;¸¡åÈ¸ÊÄ¦;;;;;;;;;;;;;x
b_mihintale;ÃÜºà´ïÀÕ;;;;;;;;;;;;;x
b_mannara;ÂüÄÇÂŞ;;;;;;;;;;;;;x
b_subhagiri;ĞëÆÅêÈÀå;;;;;;;;;;;;;x
c_kotthasara;Çü¶àæ¶ÂŞ;;;;;;;;;;;;;x
c_kotthasara_adj;Çü¶àæ¶ÂŞ;kotthasarane;;;;;;;;;;;;x
b_pulatthinagara;¸¡À¼ÌáÄÇÙ¤ÂŞ;;;;;;;;;;;;;x
b_gokanna;ÇÇÇ¬ÄÇ;;;;;;;;;;;;;x
b_sigiriya;Ë¹êÈÀûÒ®;;;;;;;;;;;;;x
b_vatagiri;·¥¶àêÈÀû;;;;;;;;;;;;;x
b_trincomalee;Í¤¿ÉÂíÀï;;;;;;;;;;;;;x
b_girikandaka;êÈÀûÇ¬ÍÓåÈ;;;;;;;;;;;;;x
b_madakalapuva;Ä¦ÍÓåÈÀ¼¸¡Íß;;;;;;;;;;;;;x
c_dakhina_desa;ÄÏÓò;;;;;;;;;;;;;x
c_dakhina_desa_adj;ÄÏÓò;;;;;;;;;;;;;x
b_vapinagara;ÆÅÅşÄÇÙ¤ÂŞ;;;;;;;;;;;;;x
b_samantakuta;É³ÃÉ¶à¾ã¶à;;;;;;;;;;;;;x
b_kalyani2;åÈÀûÄá;;;;;;;;;;;;;x
b_mahiyangana;Ä¦Ï²ÑïÙ¤ÄÇ;;;;;;;;;;;;;x
b_jambudoni;Ñ®²¨¶àÄá;;;;;;;;;;;;;x
b_hatthigiripura;Ú­ß¸êÈÀå²¹ÂŞ;;;;;;;;;;;;;x
b_kotte;¿ÆÌØ;;;;;;;;;;;;;x
b_rayigama;ÂŞÒÀÙ¤Ä¦;;;;;;;;;;;;;x
c_rohana;Â¬Ú­ÄÇ;;;;;;;;;;;;;x
c_rohana_adj;Â¬Ú­ÄÇ;rohana;;;;;;;;;;;;x
b_mahagama;Âê¹ş¸ÂÀ­;;;;;;;;;;;;;x
b_dighavapi;µÛÙ¤·¥±È;;;;;;;;;;;;;x
b_mahanagakula;°àÄÏÍÓËş;;;;;;;;;;;;;x
b_devanagara;ÌáÆÅÄÇÙ¤ÂŞ;;;;;;;;;;;;;x
b_gampala;¿²ÅÁÀ­;;;;;;;;;;;;;x
b_kajaragama;åÈê^ÂŞåÈÄ¦;;;;;;;;;;;;;x
b_buduruvagala;²©¶ÅÍßåÈÀ­;;;;;;;;;;;;;x
c_maldives;»¨»·ÖŞ;;;;;;;;;;;;;x
c_maldives_adj;»¨»·ÖŞ;maldivienne;;;;;;;;;;;;x
b_mahal;Ä¦Ú­ÂŞ;;;;;;;;;;;;;x
b_fuvahmulah;æÚÍßÄ·À­;;;;;;;;;;;;;x
b_isdhoo;ÒÁË¹¶Åµº;;;;;;;;;;;;;x
b_salliballu;ÈøÀû°ÍÂ³;;;;;;;;;;;;;x
b_dhanbidhoo;´ï¶÷±È¶Åµº;;;;;;;;;;;;;x
b_mundoo;Âü¶¼;;;;;;;;;;;;;x
b_gan;¸Á¶÷;;;;;;;;;;;;;x
c_quzdar;¹Å×È´ï¶û;;;;;;;;;;;;;x
c_quzdar_adj;¹Å×È´ï¶û;quzdar;;;;;;;;;;;;x
b_quzdar;¹Å×È´ï¶û;;;;;;;;;;;;;x
b_bodein;²©µÇ;;;;;;;;;;;;;x
c_wana;ÍäÄÇ;;;;;;;;;;;;;x
c_wana_adj;ÍäÄÇ;wana;;;;;;;;;;;;x
b_bori;ÆĞÀï;;;;;;;;;;;;;x
c_chagai;²é¸Ç;;;;;;;;;;;;;x
c_chagai_adj;²é¸Ç;chagai;;;;;;;;;;;;x
b_nushki;Å¬Ê²»ù;;;;;;;;;;;;;x
c_kandail;¸Ê´ú¶û;;;;;;;;;;;;;x
c_kandail_adj;¸Ê´ú¶û;kandail;;;;;;;;;;;;x
b_kandail;¸Ê´ú¶û;;;;;;;;;;;;;x
b_dadu;´ï¶¼;;;;;;;;;;;;;x
b_jhal;ÇĞ¶û;;;;;;;;;;;;;x
c_armail;ÑÇÃ·¶û;;;;;;;;;;;;;x
c_armail_adj;ÑÇÃ·¶û;armaile;;;;;;;;;;;;x
b_armail;ÑÇÃ·¶û;;;;;;;;;;;;;x
b_hingula;ĞÁ¹ÅÀ­;;;;;;;;;;;;;x
b_kambali;¿²°ÍÀï;;;;;;;;;;;;;x
b_yusli;ÓıÀï;;;;;;;;;;;;;x
b_adinapur;ÄÇ½ÒÂŞºÈ¹ú;;;;;;;;;;;;;x
b_nagarahara;ÄÇ½ß¹ú;;;;;;;;;;;;;x
b_kapisa;¿¨Æ¤Èø;;;;;;;;;;;;;x
b_lampara;À¼ÅÁÄÇ;;;;;;;;;;;;;x
b_kunar;¿âÄÉ¶û;;;;;;;;;;;;;x
b_kharabat;¸ÂÀ²°ÍÌØ;;;;;;;;;;;;;x
c_bamiyan;èóÑÜÄÇ;;;;;;;;;;;;;x
c_bamiyan_adj;èóÑÜÄÇ;bamiyane;;;;;;;;;;;;x
b_bamiyan;èóÑÜÄÇ;;;;;;;;;;;;;x
b_shar_i_gholghola;É³¶û-¸ñÀ­¹şÀ­;;;;;;;;;;;;;x
b_istalif;ÒÁË¹ËşÀû·¨;;;;;;;;;;;;;x
b_zakhak;Ôú¹ş¿¨;;;;;;;;;;;;;x
b_shibar;Éª°Í¶û;;;;;;;;;;;;;x
b_chak;²é¿Ë;;;;;;;;;;;;;x
b_aibak;°¬±´¿Ë;;;;;;;;;;;;;x
c_makran;Äª¿ËÀ¼;;;;;;;;;;;;;x
c_makran_adj;Äª¿ËÀ¼;makrane;;;;;;;;;;;;x
b_al_haur;°¬¶û-¹ş¶û;;;;;;;;;;;;;x
b_kiz;»ù×È;;;;;;;;;;;;;x
b_ormara;°Â¶ûÂíÀ­;;;;;;;;;;;;;x
b_kannazbun;¿²ÄÉ²¼;;;;;;;;;;;;;x
b_borama;²©À­Âí;;;;;;;;;;;;;x
b_dilla;µÏÀ­;;;;;;;;;;;;;x
b_lughaya;Â·¹şÑÇ;;;;;;;;;;;;;x
b_shellal;Ğ»À­¶û;;;;;;;;;;;;;x
b_bigeh;±È¸ñ;;;;;;;;;;;;;x
b_dakkar;´ï¿¨;;;;;;;;;;;;;x
b_alemaya;°¢ÀÕÂíÑÇ;;;;;;;;;;;;;x
b_dandolo;µ¤¶àÂå;;;;;;;;;;;;;x
b_contarini;¿µ´ïÀûÄá;;;;;;;;;;;;;x
b_faliero;·¨À×Åµ;;;;;;;;;;;;;x
b_morosini;ÄªÂŞÎ÷Äá;;;;;;;;;;;;;x
b_ziani;¼ÃÑÇÄá;;;;;;;;;;;;;x
b_candiano;¼ÓµÏÑÇÅµ;;;;;;;;;;;;;x
b_orsoleo;°ÂË÷ÄÚÂŞ;;;;;;;;;;;;;x
b_participazio;ÅÁÆõÅÁË÷;;;;;;;;;;;;;x
b_tribuno;Ìá²¼¶÷¿Æ;;;;;;;;;;;;;x
b_tradonico;ÌØÌÆÄá¿Ë;;;;;;;;;;;;;x
b_doria;¶àÀïÑÇ;;;;;;;;;;;;;x
b_spinola;Ë¹Æ¤ÅµÀ­;;;;;;;;;;;;;x
b_grimaldi;¸ñÀïÂí¶ûµÏ;;;;;;;;;;;;;x
b_fieschi;·Ñ¶ûË¹Ææ;;;;;;;;;;;;;x
b_embriaco;¶÷²¼À­¿Æ;;;;;;;;;;;;;x
b_dappiano;´ïÆ¤ÑÇÅµ;;;;;;;;;;;;;x
b_della_gherardesca;÷ìÀ­ ¸ñÀ­÷ìË¿¿¨;;;;;;;;;;;;;x
b_visconti;ÍşË¹¿µµÏ;;;;;;;;;;;;;x
b_alliata;°¢ÀïÑÇËş;;;;;;;;;;;;;x
b_caetani;¿¨ËşÄá;;;;;;;;;;;;;x
b_bardewik;°ÍµÂÎÄ¿Æ;;;;;;;;;;;;;x
b_vorrade;ÎÖÀ­µÂ;;;;;;;;;;;;;x
b_warendorp;ÍßÂ×¶à·ò;;;;;;;;;;;;;x
b_pat_luneburg;ÂÀÚ«±¤;;;;;;;;;;;;;x
b_wittenborg; ÍşÌÚ±¤;;;;;;;;;;;;;x
b_stenkyrka;Ë¹ÌØ¼ª¿¨;;;;;;;;;;;;;x
b_guldsmed;¹ÅµÂÄªµÂ;;;;;;;;;;;;;x
b_hejnum;º£ÂÄ·;;;;;;;;;;;;;x
b_gildehusen;¼ªµÂºúÈû;;;;;;;;;;;;;x
b_strabain;Ë¹Ì¹°à;;;;;;;;;;;;;x
b_konstantios;¿µË¹Ì¹ÌáÅµË¹;;;;;;;;;;;;;x
b_mauro;Ä·Ë¹¿Æ;;;;;;;;;;;;;x
b_musco;Ä·Ë¹¿Æ;;;;;;;;;;;;;x
b_polkarios;ÆÅ¸ÂÀïÂŞ;;;;;;;;;;;;;x
b_urso;Íß¶ûË÷;;;;;;;;;;;;;x
b_ghaneraov;¸ÂÄÚÀ­ÂŞ;;;;;;;;;;;;;x
b_gwalior;¹ûÂ®ÂŞ;;;;;;;;;;;;;x
b_sahastrabahu;Èø¹şÌØ°Í¹ş;;;;;;;;;;;;;x
b_dabra;µÂ²¼À­;;;;;;;;;;;;;x
b_narwar;Ú«¶ûÎÖ¶û;;;;;;;;;;;;;x
b_sabalgarh;Èø°Í¶û¼Ó¶û;;;;;;;;;;;;;x
b_vijaypur;Î¬¼ÖÒÁ²¹ÂŞ;;;;;;;;;;;;;x
b_tiruccirapalli;µÙÂ³¼ªÀ­ÅÁÀû;;;;;;;;;;;;;x
b_rohana;Â¬Ú­ÄÇ;;;;;;;;;;;;;x
b_bateshwar;°ÍÌØÉ³Íß¶û;;;;;;;;;;;;;x
b_pankak;ÅÌ¿¨¿Ë;;;;;;;;;;;;;x
b_banan;°à°²;;;;;;;;;;;;;x
b_shukla;ËÕ¿¨À­;;;;;;;;;;;;;x
b_tumanyan;Í¼ÂüÑï;;;;;;;;;;;;;x
b_askiz;°¢Ë¹»ù×È;;;;;;;;;;;;;x
b_arlik;°¬Àï¿Ë;;;;;;;;;;;;;x
b_dasu;´ïËÕ;;;;;;;;;;;;;x
b_adar;°¢´ï¶û;;;;;;;;;;;;;x
b_masal;ÂíÈøÀ­;;;;;;;;;;;;;x
b_kargal;¿¨¼Ó¶û;;;;;;;;;;;;;x
b_dhrol;ÍÓÂŞ;;;;;;;;;;;;;x
b_ranakpur;ÈÈÄÇ¿ËÆÕ;;;;;;;;;;;;;x
b_pattiseema;ÅÁµÏÉªÂê;;;;;;;;;;;;;x
b_sialkot;õ£‘x;;;;;;;;;;;;;x
b_talq;ËşÀ­¿¦;;;;;;;;;;;;;x
